instance_id,base_instance_id,augmentation_index,pose_label,left_finger_state_0,left_finger_state_1,left_finger_state_2,left_finger_state_3,left_finger_state_4,right_finger_state_0,right_finger_state_1,right_finger_state_2,right_finger_state_3,right_finger_state_4,motion_x_start,motion_y_start,motion_x_mid,motion_y_mid,motion_x_end,motion_y_end,main_axis_x,main_axis_y,delta_x,delta_y
1,1,1,next_slide,0,0,0,0,0,0,1,0,0,0,0.6214299132983725,0.9694954815113314,0.7223681558978321,0.9694954815113314,0.8233063984972918,0.9694954815113314,1.0,0.0,0.20187648519891932,0.0
2,1,2,next_slide,0,0,0,0,0,0,1,0,0,0,0.6062601048406618,0.9409676426497104,0.7344080749835598,0.9409676426497104,0.8625560451264577,0.9409676426497104,1.0,0.0,0.25629594028579583,0.0
3,1,3,next_slide,0,0,0,0,0,0,1,0,0,0,0.5978865709392868,0.9564480473953851,0.7045934591831173,0.9564480473953851,0.811300347426948,0.9564480473953851,1.0,0.0,0.21341377648766124,0.0
4,1,4,next_slide,0,0,0,0,0,0,1,0,0,0,0.6233359159324925,0.9570547050249143,0.7492519862301723,0.9570547050249143,0.8751680565278521,0.9570547050249143,1.0,0.0,0.25183214059535963,0.0
5,1,5,next_slide,0,0,0,0,0,0,1,0,0,0,0.5918424181492472,0.9707914783773574,0.6844674063550044,0.9707914783773574,0.7770923945607615,0.9707914783773574,1.0,0.0,0.1852499764115143,0.0
6,1,6,next_slide,0,0,0,0,0,0,1,0,0,0,0.6071397413909316,0.968761714726448,0.731532095771708,0.968761714726448,0.8559244501524842,0.968761714726448,1.0,0.0,0.24878470876155256,0.0
7,1,7,next_slide,0,0,0,0,0,0,1,0,0,0,0.5907567888313195,0.9499004400848596,0.6981857925297891,0.9499004400848596,0.8056147962282587,0.9499004400848596,1.0,0.0,0.21485800739693917,0.0
8,1,8,next_slide,0,0,0,0,0,0,1,0,0,0,0.6112046776105218,0.9827247405207082,0.7077325134103042,0.9827247405207082,0.8042603492100866,0.9827247405207082,1.0,0.0,0.19305567159956483,0.0
9,1,9,next_slide,0,0,0,0,0,0,1,0,0,0,0.5820819596197613,0.9436556703524656,0.7030776706115069,0.9436556703524656,0.8240733816032525,0.9436556703524656,1.0,0.0,0.24199142198349122,0.0
10,1,10,next_slide,0,0,0,0,0,0,1,0,0,0,0.6137501725830807,0.9710083800323943,0.742107911761051,0.9710083800323943,0.8704656509390212,0.9710083800323943,1.0,0.0,0.25671547835594044,0.0
11,1,11,next_slide,0,0,0,0,0,0,1,0,0,0,0.6035283156203463,0.9624790108491049,0.7072351230866689,0.9624790108491049,0.8109419305529917,0.9624790108491049,1.0,0.0,0.20741361493264543,0.0
12,1,12,next_slide,1,0,0,0,0,0,1,0,0,0,0.6163136647179757,0.964617205641784,0.7160132908361998,0.964617205641784,0.8157129169544239,0.964617205641784,1.0,0.0,0.19939925223644828,0.0
13,1,13,next_slide,0,0,0,0,0,0,1,0,0,0,0.6002366705487897,0.9659276826400901,0.7210074526042111,0.9659276826400901,0.8417782346596323,0.9659276826400901,1.0,0.0,0.2415415641108426,0.0
14,1,14,next_slide,0,0,0,0,0,0,1,0,0,0,0.5697419727618985,0.9537518703391443,0.6811797969409051,0.9537518703391443,0.7926176211199119,0.9537518703391443,1.0,0.0,0.22287564835801332,0.0
15,1,15,next_slide,0,0,0,0,0,0,1,0,0,0,0.586107532194145,0.9546424496417567,0.6819378297993302,0.9546424496417567,0.7777681274045154,0.9546424496417567,1.0,0.0,0.19166059521037038,0.0
16,1,16,next_slide,0,0,0,0,0,0,1,0,0,0,0.581568466845147,0.97951086175812,0.6978247180984478,0.97951086175812,0.8140809693517486,0.97951086175812,1.0,0.0,0.2325125025066016,0.0
17,1,17,next_slide,0,0,0,0,0,0,1,0,0,0,0.5921873885592963,0.9634003559683905,0.7079153590365925,0.9634003559683905,0.8236433295138887,0.9634003559683905,1.0,0.0,0.23145594095459243,0.0
18,1,18,next_slide,0,0,0,0,0,0,1,0,0,0,0.613109620754869,0.9760122393702889,0.7051460878187423,0.9760122393702889,0.7971825548826157,0.9760122393702889,1.0,0.0,0.18407293412774672,0.0
19,1,19,next_slide,0,0,0,0,0,0,1,1,0,0,0.5896380533057205,0.9773048122914335,0.6987923375636778,0.9773048122914335,0.807946621821635,0.9773048122914335,1.0,0.0,0.21830856851591451,0.0
20,1,20,next_slide,0,0,0,0,0,0,1,0,0,0,0.5733713626922534,0.9374795503862208,0.666653443077986,0.9374795503862208,0.7599355234637186,0.9374795503862208,1.0,0.0,0.1865641607714652,0.0
21,2,1,next_slide,0,0,0,0,0,0,1,0,0,0,0.5295740961921077,0.9616219516949892,0.6529347830727354,0.9616219516949892,0.7762954699533632,0.9616219516949892,1.0,0.0,0.24672137376125547,0.0
22,2,2,next_slide,0,0,0,0,0,0,1,0,0,0,0.5121775064306258,0.9467198852974055,0.6345429951242526,0.9467198852974055,0.7569084838178796,0.9467198852974055,1.0,0.0,0.2447309773872538,0.0
23,2,3,next_slide,0,0,0,0,0,0,1,0,0,0,0.49170122322304705,0.9218602572684454,0.6451571128070189,0.9218602572684454,0.7986130023909908,0.9218602572684454,1.0,0.0,0.3069117791679437,0.0
24,2,4,next_slide,0,0,0,0,0,0,1,0,0,0,0.5286389572059775,0.9302046684083323,0.6460336581705213,0.9302046684083323,0.763428359135065,0.9302046684083323,1.0,0.0,0.23478940192908748,0.0
25,2,5,next_slide,0,0,0,0,0,0,1,0,0,0,0.5466280386272301,0.9411889700943049,0.687390093261812,0.9411889700943049,0.828152147896394,0.9411889700943049,1.0,0.0,0.28152410926916394,0.0
26,2,6,next_slide,0,0,0,0,0,0,1,0,0,0,0.5019711190713112,0.9442054983581808,0.6105851147077854,0.9442054983581808,0.7191991103442595,0.9442054983581808,1.0,0.0,0.21722799127294834,0.0
27,2,7,next_slide,0,0,0,0,0,0,1,0,1,0,0.5138628111534975,0.9651204122646814,0.6279672359541444,0.9651204122646814,0.7420716607547913,0.9651204122646814,1.0,0.0,0.22820884960129373,0.0
28,2,8,next_slide,0,0,0,0,0,0,1,0,0,0,0.5293319455424259,0.953068961562179,0.6421105225426286,0.953068961562179,0.7548890995428312,0.953068961562179,1.0,0.0,0.22555715400040532,0.0
29,2,9,next_slide,0,0,0,0,0,0,1,0,0,0,0.4917223155837397,0.9497568396698108,0.6326176652411291,0.9497568396698108,0.7735130148985183,0.9497568396698108,1.0,0.0,0.2817906993147786,0.0
30,2,10,next_slide,0,0,0,0,0,0,1,0,0,0,0.5252969968986029,0.9487512924260023,0.6591790878762298,0.9487512924260023,0.7930611788538567,0.9487512924260023,1.0,0.0,0.26776418195525387,0.0
31,2,11,next_slide,0,0,0,0,0,0,1,0,0,0,0.5158563601220483,0.9278442996630961,0.6410193184513392,0.9278442996630961,0.7661822767806301,0.9278442996630961,1.0,0.0,0.25032591665858184,0.0
32,2,12,next_slide,0,0,0,0,0,0,1,0,0,0,0.525043406350944,0.9754980010203422,0.6457534934093019,0.9754980010203422,0.7664635804676598,0.9754980010203422,1.0,0.0,0.2414201741167158,0.0
33,2,13,next_slide,0,0,0,0,0,0,1,0,0,0,0.527780893854499,0.9775803073399247,0.6618467343132584,0.9775803073399247,0.7959125747720177,0.9775803073399247,1.0,0.0,0.2681316809175187,0.0
34,2,14,next_slide,0,0,0,0,0,0,1,0,0,0,0.5078484420165138,0.9297827306874229,0.6415731949017847,0.9297827306874229,0.7752979477870554,0.9297827306874229,1.0,0.0,0.2674495057705416,0.0
35,2,15,next_slide,0,0,0,0,0,0,1,0,0,0,0.49310974972038263,0.9610172684518216,0.5979111988717245,0.9610172684518216,0.7027126480230663,0.9610172684518216,1.0,0.0,0.2096028983026837,0.0
36,2,16,next_slide,0,0,0,0,0,0,0,0,0,0,0.49122734678145563,0.9280026678913826,0.6354008322078324,0.9280026678913826,0.7795743176342091,0.9280026678913826,1.0,0.0,0.2883469708527535,0.0
37,2,17,next_slide,0,0,0,0,0,0,1,0,0,0,0.5374060040293964,0.9882488673493692,0.6664495095111519,0.9882488673493692,0.7954930149929074,0.9882488673493692,1.0,0.0,0.25808701096351094,0.0
38,2,18,next_slide,0,0,0,0,0,0,1,0,0,0,0.5289316613370287,0.9285234871148962,0.6570831234752221,0.9285234871148962,0.7852345856134156,0.9285234871148962,1.0,0.0,0.2563029242763869,0.0
39,2,19,next_slide,0,0,0,0,0,0,1,0,0,0,0.5259977019183855,0.9320554276093269,0.6565937149071965,0.9320554276093269,0.7871897278960076,0.9320554276093269,1.0,0.0,0.26119202597762214,0.0
40,2,20,next_slide,0,0,0,0,0,0,1,0,0,0,0.5084015366903126,0.9454984317872057,0.6548316941674804,0.9454984317872057,0.8012618516446481,0.9454984317872057,1.0,0.0,0.2928603149543355,0.0
41,3,1,next_slide,0,0,0,0,0,0,1,0,0,0,0.5744276898509585,0.9561500170983431,0.7316439262507695,0.9561500170983431,0.8888601626505803,0.9561500170983431,1.0,0.0,0.31443247279962183,0.0
42,3,2,next_slide,1,0,0,0,0,0,1,0,0,0,0.5137997516405147,0.9912092109403157,0.6420537502572503,0.9912092109403157,0.7703077488739859,0.9912092109403157,1.0,0.0,0.2565079972334712,0.0
43,3,3,next_slide,0,0,0,0,0,0,1,0,0,0,0.5287255372490934,0.9717625001601221,0.6930960448694998,0.9717625001601221,0.8574665524899061,0.9717625001601221,1.0,0.0,0.3287410152408127,0.0
44,3,4,next_slide,0,0,0,0,0,0,1,0,0,0,0.5407797392318968,0.9634780810760152,0.6771054204788489,0.9634780810760152,0.8134311017258011,0.9634780810760152,1.0,0.0,0.2726513624939043,0.0
45,3,5,next_slide,0,0,0,0,0,0,1,0,0,0,0.5062995437158628,0.9760295090372731,0.660176720477284,0.9760295090372731,0.8140538972387052,0.9760295090372731,1.0,0.0,0.3077543535228424,0.0
46,3,6,next_slide,0,0,0,0,0,0,1,0,0,0,0.535058127473724,0.9702049841606332,0.6760730740992336,0.9702049841606332,0.8170880207247431,0.9702049841606332,1.0,0.0,0.282029893251019,0.0
47,3,7,next_slide,0,0,0,0,0,0,1,0,0,0,0.5579783300363917,0.976965400710108,0.7069879078926089,0.976965400710108,0.8559974857488261,0.976965400710108,1.0,0.0,0.2980191557124343,0.0
48,3,8,next_slide,0,0,0,0,0,0,1,0,0,0,0.553984069403453,0.9811528794520631,0.7077594449972044,0.9811528794520631,0.8615348205909558,0.9811528794520631,1.0,0.0,0.30755075118750275,0.0
49,3,9,next_slide,0,0,0,0,0,0,1,0,0,0,0.5355229839466934,0.9480883700484208,0.6609807512406356,0.9480883700484208,0.7864385185345779,0.9480883700484208,1.0,0.0,0.2509155345878845,0.0
50,3,10,next_slide,0,0,0,0,0,0,1,0,0,0,0.5648768538468802,1.0,0.6854256221911883,1.0,0.8059743905354965,1.0,1.0,0.0,0.24109753668861622,0.0
51,3,11,next_slide,0,0,0,0,0,0,1,0,0,0,0.5241945487795355,1.0,0.6851230944791913,1.0,0.8460516401788472,1.0,1.0,0.0,0.3218570913993116,0.0
52,3,12,next_slide,0,0,0,0,0,0,1,0,0,0,0.5599659317051479,0.9546832103037143,0.7154552601967756,0.9546832103037143,0.8709445886884035,0.9546832103037143,1.0,0.0,0.31097865698325566,0.0
53,3,13,next_slide,0,1,0,0,0,0,1,0,0,0,0.5239661927450635,0.9724753133484294,0.643989452745457,0.9724753133484294,0.7640127127458506,0.9724753133484294,1.0,0.0,0.24004652000078708,0.0
54,3,14,next_slide,0,0,0,0,0,0,1,0,0,0,0.538609786178234,1.0,0.6579570273665475,1.0,0.7773042685548611,1.0,1.0,0.0,0.23869448237662716,0.0
55,3,15,next_slide,0,0,0,0,0,0,1,0,0,0,0.5447370710677925,0.9315743086622104,0.6850506302149517,0.9315743086622104,0.8253641893621109,0.9315743086622104,1.0,0.0,0.2806271182943184,0.0
56,3,16,next_slide,0,0,0,0,0,0,1,0,0,0,0.5149936897963978,0.9482014894743582,0.6381452139096261,0.9482014894743582,0.7612967380228544,0.9482014894743582,1.0,0.0,0.24630304822645654,0.0
57,3,17,next_slide,0,0,0,0,0,0,1,0,0,0,0.525175826388239,0.990895801529951,0.6785142153959548,0.990895801529951,0.8318526044036705,0.990895801529951,1.0,0.0,0.3066767780154315,0.0
58,3,18,next_slide,0,0,0,0,0,0,1,0,0,0,0.5324709250541436,0.9628943620161592,0.661286487716327,0.9628943620161592,0.7901020503785103,0.9628943620161592,1.0,0.0,0.2576311253243667,0.0
59,3,19,next_slide,0,0,0,0,0,0,1,0,0,0,0.5519134517083474,0.9833400594229094,0.7173801021529753,0.9833400594229094,0.8828467525976031,0.9833400594229094,1.0,0.0,0.33093330088925577,0.0
60,3,20,next_slide,0,0,0,0,0,0,1,0,0,0,0.5287681816172572,0.9586588984494168,0.6421272563443419,0.9586588984494168,0.7554863310714265,0.9586588984494168,1.0,0.0,0.22671814945416924,0.0
61,4,1,next_slide,0,0,0,0,0,0,1,0,0,0,0.5614968900301016,0.939124426034396,0.7005510639174422,0.939124426034396,0.8396052378047827,0.939124426034396,1.0,0.0,0.2781083477746811,0.0
62,4,2,next_slide,0,0,0,0,0,0,1,0,0,0,0.5369311107502904,0.927320736689928,0.6547967228052354,0.927320736689928,0.7726623348601804,0.927320736689928,1.0,0.0,0.23573122410989,0.0
63,4,3,next_slide,0,0,0,0,0,0,1,0,0,0,0.5463372269519424,0.934725930028655,0.6940241912119369,0.934725930028655,0.8417111554719314,0.934725930028655,1.0,0.0,0.295373928519989,0.0
64,4,4,next_slide,0,0,0,0,0,1,1,0,0,0,0.6301870219622312,0.9332303090212409,0.7662263179843667,0.9332303090212409,0.9022656140065023,0.9332303090212409,1.0,0.0,0.2720785920442711,0.0
65,4,5,next_slide,0,0,0,0,0,0,1,0,0,0,0.5789167895962333,0.9912355944858596,0.7000593368144554,0.9912355944858596,0.8212018840326776,0.9912355944858596,1.0,0.0,0.2422850944364443,0.0
66,4,6,next_slide,0,0,0,0,0,0,1,0,0,0,0.5671801216585809,0.9722083931189827,0.6807299168181015,0.9722083931189827,0.7942797119776221,0.9722083931189827,1.0,0.0,0.22709959031904126,0.0
67,4,7,next_slide,0,0,0,0,0,0,1,0,0,0,0.5645625571528211,0.953985182307427,0.6754884147005411,0.953985182307427,0.7864142722482612,0.953985182307427,1.0,0.0,0.2218517150954401,0.0
68,4,8,next_slide,0,0,0,0,0,0,1,0,0,0,0.5673222036979297,0.9513338917975687,0.6813496690902482,0.9513338917975687,0.7953771344825666,0.9513338917975687,1.0,0.0,0.2280549307846369,0.0
69,4,9,next_slide,0,0,0,0,0,0,1,0,0,0,0.5609791342010427,0.9660924120486506,0.7015425728260632,0.9660924120486506,0.8421060114510837,0.9660924120486506,1.0,0.0,0.28112687725004093,0.0
70,4,10,next_slide,0,0,0,0,0,0,1,0,0,0,0.5751942651307924,0.9636967697657318,0.7065192594496513,0.9636967697657318,0.8378442537685102,0.9636967697657318,1.0,0.0,0.2626499886377178,0.0
71,4,11,next_slide,0,0,0,0,0,0,1,0,0,0,0.5720873664392514,0.9422304809268909,0.6792371127436172,0.9422304809268909,0.7863868590479829,0.9422304809268909,1.0,0.0,0.2142994926087315,0.0
72,4,12,next_slide,0,0,0,0,0,0,1,0,0,0,0.5701399466091533,0.9985250077763597,0.7049626960741601,0.9985250077763597,0.8397854455391668,0.9985250077763597,1.0,0.0,0.26964549893001344,0.0
73,4,13,next_slide,0,0,0,0,0,0,1,0,0,0,0.5798026096285531,0.9414004974038525,0.7042632196395633,0.9414004974038525,0.8287238296505733,0.9414004974038525,1.0,0.0,0.24892122002202022,0.0
74,4,14,next_slide,0,0,0,0,0,0,1,0,0,0,0.5773088329155862,0.9344134121580795,0.7258814144196314,0.9344134121580795,0.8744539959236766,0.9344134121580795,1.0,0.0,0.29714516300809035,0.0
75,4,15,next_slide,0,0,0,0,0,0,1,0,0,0,0.5773406630803659,0.96626450966558,0.6874077956652391,0.96626450966558,0.7974749282501122,0.96626450966558,1.0,0.0,0.22013426516974632,0.0
76,4,16,next_slide,0,0,0,0,0,0,1,0,0,0,0.5906344482085867,0.965750048362035,0.7468684284786045,0.965750048362035,0.9031024087486221,0.965750048362035,1.0,0.0,0.31246796054003545,0.0
77,4,17,next_slide,0,0,0,0,0,1,1,0,0,0,0.5626551824284242,0.9619359856848781,0.7012139629586658,0.9619359856848781,0.8397727434889073,0.9619359856848781,1.0,0.0,0.27711756106048313,0.0
78,4,18,next_slide,0,0,0,0,0,0,1,0,0,0,0.566242254861352,0.9545918762364286,0.6992211454355006,0.9545918762364286,0.8322000360096491,0.9545918762364286,1.0,0.0,0.26595778114829705,0.0
79,4,19,next_slide,0,0,0,0,0,0,1,0,0,0,0.5751369288194724,0.9860914810576109,0.7042739719512698,0.9860914810576109,0.8334110150830671,0.9860914810576109,1.0,0.0,0.2582740862635947,0.0
80,4,20,next_slide,0,0,0,0,0,0,1,0,0,0,0.5673486732872294,0.9601918900251968,0.6861908231097784,0.9601918900251968,0.8050329729323273,0.9601918900251968,1.0,0.0,0.23768429964509796,0.0
81,5,1,next_slide,0,0,0,0,0,0,1,0,0,0,0.5921133084086737,0.9470658922852566,0.7400223938793248,0.9470658922852566,0.887931479349976,0.9470658922852566,1.0,0.0,0.29581817094130225,0.0
82,5,2,next_slide,0,0,0,0,0,0,1,0,0,0,0.5773449338038859,0.9548439222426062,0.7088543881687849,0.9548439222426062,0.8403638425336839,0.9548439222426062,1.0,0.0,0.26301890872979805,0.0
83,5,3,next_slide,0,0,0,0,0,0,1,0,0,0,0.569895986946304,0.9243356822406595,0.7119029929731993,0.9243356822406595,0.8539099990000947,0.9243356822406595,1.0,0.0,0.28401401205379073,0.0
84,5,4,next_slide,0,0,0,0,0,0,1,0,0,0,0.5449989981668225,0.9539311655550182,0.6935394075603062,0.9539311655550182,0.8420798169537898,0.9539311655550182,1.0,0.0,0.29708081878696724,0.0
85,5,5,next_slide,0,0,0,0,0,0,1,0,0,0,0.5699730210537198,0.9617091005760114,0.6787590894259423,0.9617091005760114,0.7875451577981648,0.9617091005760114,1.0,0.0,0.21757213674444498,0.0
86,5,6,next_slide,0,0,0,0,0,0,1,0,0,0,0.6049779937820559,0.952899652529438,0.7574241769977303,0.952899652529438,0.9098703602134047,0.952899652529438,1.0,0.0,0.30489236643134887,0.0
87,5,7,next_slide,0,0,0,0,0,0,1,0,0,0,0.5672260071711559,0.9148440148547687,0.7126595405739592,0.9148440148547687,0.8580930739767625,0.9148440148547687,1.0,0.0,0.2908670668056066,0.0
88,5,8,next_slide,0,0,0,0,0,0,1,0,0,0,0.5987896392946543,0.9510348349246189,0.743923604765552,0.9510348349246189,0.8890575702364496,0.9510348349246189,1.0,0.0,0.29026793094179526,0.0
89,5,9,next_slide,0,0,0,0,0,0,1,0,0,0,0.5482907233003119,0.9389398005641902,0.6827782156642033,0.9389398005641902,0.8172657080280945,0.9389398005641902,1.0,0.0,0.2689749847277826,0.0
90,5,10,next_slide,0,0,0,0,0,0,1,0,0,0,0.5551422650811882,0.9445243481376899,0.6883251484060947,0.9445243481376899,0.8215080317310012,0.9445243481376899,1.0,0.0,0.26636576664981293,0.0
91,5,11,next_slide,0,0,0,0,0,0,1,0,0,0,0.5807403000736087,0.8924583685347031,0.7117258137623098,0.8924583685347031,0.842711327451011,0.8924583685347031,1.0,0.0,0.2619710273774023,0.0
92,5,12,next_slide,0,0,0,0,0,0,1,0,0,0,0.5700057420937714,0.9465619644141189,0.6994086824284528,0.9465619644141189,0.8288116227631341,0.9465619644141189,1.0,0.0,0.2588058806693627,0.0
93,5,13,next_slide,0,0,0,0,0,0,1,0,0,0,0.5273003050930251,0.926462090202843,0.637365672408291,0.926462090202843,0.747431039723557,0.926462090202843,1.0,0.0,0.2201307346305319,0.0
94,5,14,next_slide,1,0,0,0,0,0,1,0,0,0,0.536933182640041,0.9678031396677352,0.6749404776740369,0.9678031396677352,0.8129477727080326,0.9678031396677352,1.0,0.0,0.27601459006799167,0.0
95,5,15,next_slide,0,0,0,0,0,0,1,0,0,0,0.5854967503459879,0.9268652854762292,0.7241981740931974,0.9268652854762292,0.8628995978404069,0.9268652854762292,1.0,0.0,0.277402847494419,0.0
96,5,16,next_slide,0,0,0,0,0,0,1,0,0,0,0.5899345017489006,0.9429417191094084,0.7333766385990148,0.9429417191094084,0.876818775449129,0.9429417191094084,1.0,0.0,0.2868842737002284,0.0
97,5,17,next_slide,0,0,0,0,0,0,1,0,0,0,0.5739719354147544,0.9210172534118775,0.69414726684895,0.9210172534118775,0.8143225982831455,0.9210172534118775,1.0,0.0,0.24035066286839102,0.0
98,5,18,next_slide,0,0,0,0,0,0,1,0,0,0,0.5655146199800727,0.9459520359937349,0.7179705462785299,0.9459520359937349,0.870426472576987,0.9459520359937349,1.0,0.0,0.30491185259691433,0.0
99,5,19,next_slide,0,0,0,0,0,0,1,0,0,0,0.5473943489895516,0.9357839781002735,0.6891309624067374,0.9357839781002735,0.8308675758239232,0.9357839781002735,1.0,0.0,0.2834732268343716,0.0
100,5,20,next_slide,0,0,0,0,0,0,0,0,0,0,0.5536933060528686,0.9218391583608586,0.6980581011546461,0.9218391583608586,0.8424228962564234,0.9218391583608586,1.0,0.0,0.2887295902035548,0.0
101,6,1,previous_slide,0,0,0,0,0,0,1,0,0,0,0.8233727760214729,0.7555529407657898,0.6598940067030823,0.7555529407657898,0.4964152373846916,0.7555529407657898,1.0,0.0,-0.32695753863678123,0.0
102,6,2,previous_slide,0,0,0,0,0,0,1,0,0,0,0.8395352410421429,0.7893786171682524,0.6454762787878481,0.7893786171682524,0.4514173165335533,0.7893786171682524,1.0,0.0,-0.3881179245085896,0.0
103,6,3,previous_slide,0,0,0,0,0,0,1,0,0,0,0.8609434504292225,0.7523305673700653,0.6616585386981384,0.7523305673700653,0.46237362696705436,0.7523305673700653,1.0,0.0,-0.3985698234621681,0.0
104,6,4,previous_slide,0,0,0,0,0,0,1,0,0,0,0.856505038550459,0.7711503643751458,0.667868352955419,0.7711503643751458,0.47923166736037914,0.7711503643751458,1.0,0.0,-0.37727337119007986,0.0
105,6,5,previous_slide,0,0,0,0,0,0,1,0,0,0,0.8694570393670767,0.7833507136890863,0.7304552114547237,0.7833507136890863,0.5914533835423708,0.7833507136890863,1.0,0.0,-0.278003655824706,0.0
106,6,6,previous_slide,0,0,0,0,0,0,1,0,0,0,0.8600021943249527,0.791187179159942,0.7110005067457134,0.791187179159942,0.561998819166474,0.791187179159942,1.0,0.0,-0.29800337515847874,0.0
107,6,7,previous_slide,0,0,0,0,1,0,1,0,0,0,0.8518257385660222,0.7845214069810518,0.7056582812623771,0.7845214069810518,0.5594908239587318,0.7845214069810518,1.0,0.0,-0.29233491460729033,0.0
108,6,8,previous_slide,0,0,0,0,0,0,1,0,0,0,0.84754314339816,0.7910092301625549,0.7121504795295889,0.7910092301625549,0.5767578156610178,0.7910092301625549,1.0,0.0,-0.27078532773714215,0.0
109,6,9,previous_slide,0,0,0,0,0,0,1,0,0,0,0.8530671234960887,0.7971762658883941,0.6797886571803075,0.7971762658883941,0.5065101908645262,0.7971762658883941,1.0,0.0,-0.3465569326315625,0.0
110,6,10,previous_slide,0,0,0,0,0,0,1,0,0,0,0.8294885202811562,0.7509421770990562,0.6400198438803943,0.7509421770990562,0.45055116747963253,0.7509421770990562,1.0,0.0,-0.37893735280152363,0.0
111,6,11,previous_slide,0,0,0,0,0,0,0,0,0,0,0.8418526780395479,0.7955745630424674,0.6471717615734242,0.7955745630424674,0.4524908451073005,0.7955745630424674,1.0,0.0,-0.3893618329322474,0.0
112,6,12,previous_slide,0,0,0,0,0,0,1,0,0,0,0.8593737684814884,0.8023702349821284,0.6706650273629023,0.8023702349821284,0.48195628624431625,0.8023702349821284,1.0,0.0,-0.37741748223717214,0.0
113,6,13,previous_slide,0,0,0,0,0,0,1,0,0,0,0.8540352081481286,0.8076576028393005,0.6791551222847644,0.8076576028393005,0.5042750364214001,0.8076576028393005,1.0,0.0,-0.34976017172672846,0.0
114,6,14,previous_slide,0,0,0,0,0,0,1,0,0,0,0.8386700023661021,0.7686978780039379,0.6568340260956553,0.7686978780039379,0.4749980498252086,0.7686978780039379,1.0,0.0,-0.3636719525408935,0.0
115,6,15,previous_slide,0,0,0,0,0,0,1,0,0,0,0.8376552897679783,0.773425551286424,0.657462806179214,0.773425551286424,0.47727032259044966,0.773425551286424,1.0,0.0,-0.36038496717752866,0.0
116,6,16,previous_slide,0,0,0,0,0,0,1,0,0,0,0.8898333634659711,0.7529422547403718,0.7532213583782694,0.7529422547403718,0.6166093532905678,0.7529422547403718,1.0,0.0,-0.2732240101754033,0.0
117,6,17,previous_slide,0,0,0,0,0,0,1,0,0,0,0.8346070880595007,0.7900798268171766,0.6428286172946588,0.7900798268171766,0.4510501465298169,0.7900798268171766,1.0,0.0,-0.3835569415296838,0.0
118,6,18,previous_slide,0,0,0,0,0,0,1,0,0,0,0.8187998503257008,0.7991518248792823,0.6797128915140549,0.7991518248792823,0.540625932702409,0.7991518248792823,1.0,0.0,-0.2781739176232918,0.0
119,6,19,previous_slide,0,0,0,0,0,0,1,0,0,0,0.8447399620751803,0.7591908368221189,0.6812603575478939,0.7591908368221189,0.5177807530206076,0.7591908368221189,1.0,0.0,-0.32695920905457276,0.0
120,6,20,previous_slide,0,0,0,0,0,0,1,0,0,0,0.8639757756565497,0.7768009982291845,0.6929256591072568,0.7768009982291845,0.521875542557964,0.7768009982291845,1.0,0.0,-0.3421002330985857,0.0
121,7,1,previous_slide,0,0,0,0,0,0,1,0,0,0,0.8247474756064996,0.8025396628256888,0.6812118795209754,0.8025396628256888,0.5376762834354513,0.8025396628256888,1.0,0.0,-0.2870711921710484,0.0
122,7,2,previous_slide,0,0,0,0,0,0,1,0,0,0,0.8282050711925232,0.780497602717284,0.6856208393597929,0.780497602717284,0.5430366075270627,0.780497602717284,1.0,0.0,-0.28516846366546045,0.0
123,7,3,previous_slide,0,0,0,0,0,0,1,0,0,0,0.8048762876211699,0.7492235098101817,0.6518577990241887,0.7492235098101817,0.4988393104272074,0.7492235098101817,1.0,0.0,-0.3060369771939625,0.0
124,7,4,previous_slide,0,0,0,0,0,0,1,0,0,0,0.799195981480366,0.7718413539775745,0.6562222047848048,0.7718413539775745,0.5132484280892434,0.7718413539775745,1.0,0.0,-0.28594755339112254,0.0
125,7,5,previous_slide,0,0,0,0,0,0,1,0,0,0,0.8602882869887484,0.8031347270745071,0.7082067374628292,0.8031347270745071,0.5561251879369102,0.8031347270745071,1.0,0.0,-0.30416309905183814,0.0
126,7,6,previous_slide,0,0,0,0,0,0,1,0,0,0,0.8284978327891772,0.7728732949493545,0.6719533454905198,0.7728732949493545,0.5154088581918623,0.7728732949493545,1.0,0.0,-0.3130889745973149,0.0
127,7,7,previous_slide,0,0,0,0,0,0,1,0,0,0,0.8252501767284657,0.7933982820158689,0.6604595280418984,0.7933982820158689,0.49566887935533116,0.7933982820158689,1.0,0.0,-0.3295812973731345,0.0
128,7,8,previous_slide,0,0,0,0,0,0,1,0,0,0,0.8428206943948453,0.758176095153513,0.6875730450421432,0.758176095153513,0.5323253956894411,0.758176095153513,1.0,0.0,-0.31049529870540415,0.0
129,7,9,previous_slide,0,0,0,0,1,0,1,0,0,0,0.8734971382720748,0.7854764545288666,0.7117053995843828,0.7854764545288666,0.549913660896691,0.7854764545288666,1.0,0.0,-0.32358347737538373,0.0
130,7,10,previous_slide,0,0,0,0,0,0,1,0,0,0,0.8233740673036223,0.7926304015829571,0.675361394364072,0.7926304015829571,0.5273487214245218,0.7926304015829571,1.0,0.0,-0.29602534587910045,0.0
131,7,11,previous_slide,0,0,0,0,0,0,1,0,0,0,0.818135512116874,0.7654252117418527,0.6813071337128005,0.7654252117418527,0.5444787553087271,0.7654252117418527,1.0,0.0,-0.27365675680814683,0.0
132,7,12,previous_slide,0,0,0,0,0,0,1,0,0,0,0.8045129199564427,0.7943265644026297,0.6364966714837387,0.7943265644026297,0.4684804230110347,0.7943265644026297,1.0,0.0,-0.336032496945408,0.0
133,7,13,previous_slide,0,0,0,0,0,0,1,0,0,0,0.8288742918849027,0.7752898850052472,0.6908824869329574,0.7752898850052472,0.552890681981012,0.7752898850052472,1.0,0.0,-0.2759836099038907,0.0
134,7,14,previous_slide,0,1,0,0,0,0,1,0,0,0,0.8153702026292299,0.799725802185664,0.6532245247348848,0.799725802185664,0.4910788468405397,0.799725802185664,1.0,0.0,-0.32429135578869017,0.0
135,7,15,previous_slide,0,0,0,0,0,0,1,0,0,0,0.8148315163777852,0.7411986197738811,0.6459547996288477,0.7411986197738811,0.4770780828799104,0.7411986197738811,1.0,0.0,-0.3377534334978748,0.0
136,7,16,previous_slide,0,0,0,0,0,0,1,0,0,0,0.8488209083364363,0.7989185593157948,0.6950614107691208,0.7989185593157948,0.5413019132018053,0.7989185593157948,1.0,0.0,-0.307518995134631,0.0
137,7,17,previous_slide,0,0,0,0,0,0,1,0,0,0,0.7914935946193401,0.7217242829195281,0.6165937495330269,0.7217242829195281,0.4416939044467137,0.7217242829195281,1.0,0.0,-0.3497996901726264,0.0
138,7,18,previous_slide,0,0,0,0,0,0,1,0,0,0,0.8699519639851061,0.789712545105634,0.7333298630759737,0.789712545105634,0.5967077621668413,0.789712545105634,1.0,0.0,-0.2732442018182648,0.0
139,7,19,previous_slide,0,0,0,0,0,0,1,0,0,0,0.8308452679301642,0.7497956926164723,0.6896780751269976,0.7497956926164723,0.5485108823238309,0.7497956926164723,1.0,0.0,-0.2823343856063333,0.0
140,7,20,previous_slide,0,0,0,0,0,0,1,0,0,0,0.8235332132004729,0.7792928466399401,0.6929355822784439,0.7792928466399401,0.5623379513564148,0.7792928466399401,1.0,0.0,-0.26119526184405806,0.0
141,8,1,previous_slide,0,0,0,0,0,0,1,0,0,0,0.8198476561859973,0.8266646709783657,0.6943517416757883,0.8266646709783657,0.5688558271655794,0.8266646709783657,1.0,0.0,-0.25099182902041794,0.0
142,8,2,previous_slide,0,0,0,0,0,0,1,0,0,0,0.7958606378010443,0.7863990263844005,0.6765514213847809,0.7863990263844005,0.5572422049685175,0.7863990263844005,1.0,0.0,-0.23861843283252682,0.0
143,8,3,previous_slide,0,0,0,0,0,0,1,0,0,0,0.7833678982759331,0.8081197285979901,0.6380600705866921,0.8081197285979901,0.492752242897451,0.8081197285979901,1.0,0.0,-0.2906156553784821,0.0
144,8,4,previous_slide,0,0,0,0,0,0,1,0,0,0,0.8376393329342148,0.7474851044469583,0.7160271849974554,0.7474851044469583,0.594415037060696,0.7474851044469583,1.0,0.0,-0.2432242958735188,0.0
145,8,5,previous_slide,0,0,0,0,0,0,1,0,0,0,0.7809537166948615,0.7788457212176886,0.6270453307623186,0.7788457212176886,0.4731369448297757,0.7788457212176886,1.0,0.0,-0.30781677186508577,0.0
146,8,6,previous_slide,0,0,0,0,0,0,1,0,0,0,0.8110985472105483,0.7903027591660073,0.649877829184502,0.7903027591660073,0.48865711115845556,0.7903027591660073,1.0,0.0,-0.32244143605209274,0.0
147,8,7,previous_slide,0,0,0,0,0,0,1,0,0,0,0.8187508445319424,0.7751995897061055,0.6705645224864945,0.7751995897061055,0.5223782004410467,0.7751995897061055,1.0,0.0,-0.2963726440908957,0.0
148,8,8,previous_slide,0,0,0,0,0,0,1,0,0,0,0.8279363991272531,0.8030710692980897,0.6830735068621083,0.8030710692980897,0.5382106145969635,0.8030710692980897,1.0,0.0,-0.28972578453028963,0.0
149,8,9,previous_slide,0,0,0,0,0,0,1,0,0,0,0.8206114397357166,0.836071776599589,0.6744520274811348,0.836071776599589,0.5282926152265529,0.836071776599589,1.0,0.0,-0.2923188245091637,0.0
150,8,10,previous_slide,0,0,0,0,0,0,1,0,0,0,0.808541415352852,0.7802997589378201,0.6422224146993643,0.7802997589378201,0.47590341404587666,0.7802997589378201,1.0,0.0,-0.3326380013069753,0.0
151,8,11,previous_slide,0,0,0,0,0,0,1,0,0,0,0.7897936439675219,0.7775943642803493,0.6498334808026116,0.7775943642803493,0.5098733176377013,0.7775943642803493,1.0,0.0,-0.27992032632982067,0.0
152,8,12,previous_slide,0,0,0,0,0,0,1,0,0,0,0.8213689822894977,0.7963931517160109,0.6943072749810127,0.7963931517160109,0.5672455676725277,0.7963931517160109,1.0,0.0,-0.2541234146169701,0.0
153,8,13,previous_slide,0,0,0,0,0,0,1,0,0,0,0.8326867709999427,0.8101585639909866,0.7145344374092415,0.8101585639909866,0.5963821038185404,0.8101585639909866,1.0,0.0,-0.2363046671814023,0.0
154,8,14,previous_slide,0,0,0,0,0,0,1,0,0,0,0.8016247568262492,0.8063388689615636,0.6669756364328412,0.8063388689615636,0.5323265160394333,0.8063388689615636,1.0,0.0,-0.26929824078681597,0.0
155,8,15,previous_slide,0,1,0,0,0,0,1,0,0,0,0.7857205345312425,0.7940107054252795,0.6527935525943005,0.7940107054252795,0.5198665706573585,0.7940107054252795,1.0,0.0,-0.26585396387388394,0.0
156,8,16,previous_slide,0,0,0,0,0,0,1,0,0,0,0.7966891839897884,0.7991671784017165,0.6226950580416907,0.7991671784017165,0.448700932093593,0.7991671784017165,1.0,0.0,-0.34798825189619537,0.0
157,8,17,previous_slide,0,0,0,0,0,0,1,0,0,0,0.8414068017197869,0.8203293102461563,0.6802718876279428,0.8203293102461563,0.5191369735360987,0.8203293102461563,1.0,0.0,-0.3222698281836882,0.0
158,8,18,previous_slide,0,0,0,0,0,0,1,1,0,0,0.821952166476325,0.7471718712289701,0.6490430785237755,0.7471718712289701,0.4761339905712261,0.7471718712289701,1.0,0.0,-0.3458181759050989,0.0
159,8,19,previous_slide,0,0,0,0,0,0,1,0,0,0,0.8088075013165008,0.7739276501164305,0.6854454527794155,0.7739276501164305,0.5620834042423303,0.7739276501164305,1.0,0.0,-0.24672409707417053,0.0
160,8,20,previous_slide,0,0,0,0,0,0,1,0,0,0,0.8546290103345033,0.7718380161563816,0.7056504810906993,0.7718380161563816,0.5566719518468952,0.7718380161563816,1.0,0.0,-0.2979570584876081,0.0
161,9,1,previous_slide,0,0,0,0,0,0,1,0,0,0,0.8253154476381707,0.8036685351591523,0.6939090931225015,0.8036685351591523,0.5625027386068324,0.8036685351591523,1.0,0.0,-0.26281270903133824,0.0
162,9,2,previous_slide,0,0,0,0,0,0,1,0,0,0,0.802455488851416,0.8024870072442205,0.6181112681127559,0.8024870072442205,0.43376704737409555,0.8024870072442205,1.0,0.0,-0.3686884414773205,0.0
163,9,3,previous_slide,0,0,0,0,0,0,1,0,0,1,0.8302657692268931,0.8241813001849894,0.6807141178378628,0.8241813001849894,0.5311624664488325,0.8241813001849894,1.0,0.0,-0.29910330277806063,0.0
164,9,4,previous_slide,0,0,0,0,0,0,1,0,0,0,0.8257679283787195,0.7945331518727773,0.6571431633703778,0.7945331518727773,0.48851839836203614,0.7945331518727773,1.0,0.0,-0.33724953001668334,0.0
165,9,5,previous_slide,0,0,0,0,0,0,1,0,0,0,0.7865325508721732,0.8241457558571266,0.6059225555580432,0.8241457558571266,0.4253125602439131,0.8241457558571266,1.0,0.0,-0.3612199906282601,0.0
166,9,6,previous_slide,0,0,0,0,0,0,1,0,0,0,0.789354546574944,0.8294957156359133,0.6602081715300636,0.8294957156359133,0.5310617964851831,0.8294957156359133,1.0,0.0,-0.2582927500897608,0.0
167,9,7,previous_slide,0,0,0,0,0,0,1,0,0,0,0.8027277035522965,0.8442428898866865,0.622579797200077,0.8442428898866865,0.4424318908478574,0.8442428898866865,1.0,0.0,-0.3602958127044391,0.0
168,9,8,previous_slide,0,0,0,0,0,0,1,0,0,0,0.8156493930595731,0.8205975818598372,0.6468997168581002,0.8205975818598372,0.47815004065662736,0.8205975818598372,1.0,0.0,-0.3374993524029457,0.0
169,9,9,previous_slide,0,0,0,0,0,0,1,0,0,0,0.8244299654481531,0.8045502659629707,0.6419178269503607,0.8045502659629707,0.4594056884525684,0.8045502659629707,1.0,0.0,-0.36502427699558465,0.0
170,9,10,previous_slide,0,0,0,0,0,0,1,0,0,0,0.8422600923762212,0.7944075918560166,0.6624490298756673,0.7944075918560166,0.48263796737511333,0.7944075918560166,1.0,0.0,-0.3596221250011079,0.0
171,9,11,previous_slide,0,0,0,0,0,0,1,0,0,0,0.8472259794803924,0.8662058719584054,0.7023233452604548,0.8662058719584054,0.5574207110405174,0.8662058719584054,1.0,0.0,-0.289805268439875,0.0
172,9,12,previous_slide,0,0,0,0,0,0,1,0,0,0,0.7762704787677507,0.8090096333823464,0.6328880421936829,0.8090096333823464,0.4895056056196151,0.8090096333823464,1.0,0.0,-0.2867648731481356,0.0
173,9,13,previous_slide,0,0,0,0,0,0,0,0,0,0,0.8112087627597093,0.7929515520678283,0.6798028923829861,0.7929515520678283,0.5483970220062628,0.7929515520678283,1.0,0.0,-0.2628117407534465,0.0
174,9,14,previous_slide,0,0,0,0,0,0,1,0,0,0,0.8254973870858762,0.7853312005098791,0.6485447093200337,0.7853312005098791,0.4715920315541913,0.7853312005098791,1.0,0.0,-0.35390535553168484,0.0
175,9,15,previous_slide,0,0,0,0,0,0,1,0,0,0,0.8560609392190722,0.8186585195550065,0.7042881319135085,0.8186585195550065,0.5525153246079446,0.8186585195550065,1.0,0.0,-0.3035456146111276,0.0
176,9,16,previous_slide,0,0,0,0,0,0,1,0,0,0,0.812167175292004,0.8275244482456365,0.6232294240456471,0.8275244482456365,0.4342916727992902,0.8275244482456365,1.0,0.0,-0.3778755024927138,0.0
177,9,17,previous_slide,0,0,0,0,0,0,1,0,0,0,0.7895915978238627,0.7806058807961209,0.6388003492336638,0.7806058807961209,0.4880091006434648,0.7806058807961209,1.0,0.0,-0.30158249718039787,0.0
178,9,18,previous_slide,0,0,0,0,0,0,1,0,0,0,0.8071979605908982,0.8521758131653862,0.6726686136099863,0.8521758131653862,0.5381392666290745,0.8521758131653862,1.0,0.0,-0.2690586939618237,0.0
179,9,19,previous_slide,0,0,0,0,0,0,1,0,0,0,0.8483649918025448,0.7931444989506251,0.7095740462728909,0.7931444989506251,0.5707831007432371,0.7931444989506251,1.0,0.0,-0.27758189105930764,0.0
180,9,20,previous_slide,0,0,0,0,0,0,1,0,0,0,0.821395244855979,0.7978383679489696,0.6553399245508436,0.7978383679489696,0.489284604245708,0.7978383679489696,1.0,0.0,-0.332110640610271,0.0
181,10,1,previous_slide,0,0,0,0,0,0,1,0,0,0,0.8060300126267708,0.7971172545912002,0.6668572016686293,0.7971172545912002,0.5276843907104878,0.7971172545912002,1.0,0.0,-0.278345621916283,0.0
182,10,2,previous_slide,0,0,0,0,0,0,1,0,0,0,0.8172987754475728,0.8183817635231385,0.6388248769621195,0.8183817635231385,0.4603509784766663,0.8183817635231385,1.0,0.0,-0.3569477969709065,0.0
183,10,3,previous_slide,0,0,0,0,0,0,1,0,0,0,0.8082846799092408,0.8197985230464286,0.6349234894479989,0.8197985230464286,0.461562298986757,0.8197985230464286,1.0,0.0,-0.3467223809224838,0.0
184,10,4,previous_slide,0,0,0,0,0,0,1,0,0,0,0.7972440589191148,0.8277302684159458,0.6434865921460413,0.8277302684159458,0.4897291253729679,0.8277302684159458,1.0,0.0,-0.30751493354614684,0.0
185,10,5,previous_slide,0,0,0,0,0,0,1,0,0,0,0.8256171176925899,0.8009682926991842,0.6508486574864457,0.8009682926991842,0.4760801972803015,0.8009682926991842,1.0,0.0,-0.34953692041228845,0.0
186,10,6,previous_slide,0,0,0,0,0,0,1,0,0,0,0.7905657181325672,0.8026866016130507,0.6548820638694071,0.8026866016130507,0.5191984096062471,0.8026866016130507,1.0,0.0,-0.2713673085263201,0.0
187,10,7,previous_slide,0,0,0,0,0,0,1,0,0,0,0.8163986519448658,0.8413622398778646,0.6516715921549767,0.8413622398778646,0.4869445323650877,0.8413622398778646,1.0,0.0,-0.3294541195797781,0.0
188,10,8,previous_slide,0,0,0,0,0,0,1,0,0,0,0.7920871429654242,0.817676295549326,0.6410173466503473,0.817676295549326,0.48994755033527027,0.817676295549326,1.0,0.0,-0.3021395926301539,0.0
189,10,9,previous_slide,0,0,0,0,0,0,1,0,0,0,0.8196236905840838,0.766359205259549,0.689042605893263,0.766359205259549,0.5584615212024422,0.766359205259549,1.0,0.0,-0.2611621693816416,0.0
190,10,10,previous_slide,0,0,0,0,0,0,1,0,0,0,0.7849342908420571,0.7649876308242071,0.6566799588060879,0.7649876308242071,0.5284256267701185,0.7649876308242071,1.0,0.0,-0.2565086640719386,0.0
191,10,11,previous_slide,0,0,0,0,0,0,1,0,0,0,0.7822794952043675,0.8073726579815533,0.6386858162013127,0.8073726579815533,0.49509213719825795,0.8073726579815533,1.0,0.0,-0.2871873580061095,0.0
192,10,12,previous_slide,0,0,0,0,0,0,1,0,0,0,0.7956814044974719,0.7907784766665068,0.6476211236059501,0.7907784766665068,0.49956084271442824,0.7907784766665068,1.0,0.0,-0.2961205617830437,0.0
193,10,13,previous_slide,0,0,0,0,0,0,1,0,0,0,0.821566089950113,0.7918755747496319,0.6845262571329546,0.7918755747496319,0.547486424315796,0.7918755747496319,1.0,0.0,-0.27407966563431707,0.0
194,10,14,previous_slide,0,0,0,0,0,0,1,0,0,0,0.8117535967067705,0.8069640287573139,0.6616998143023136,0.8069640287573139,0.5116460318978566,0.8069640287573139,1.0,0.0,-0.3001075648089139,0.0
195,10,15,previous_slide,0,0,0,0,0,0,1,0,0,0,0.8003096816853801,0.8254280240337213,0.6225529413974578,0.8254280240337213,0.44479620110953544,0.8254280240337213,1.0,0.0,-0.35551348057584464,0.0
196,10,16,previous_slide,0,0,0,0,0,0,1,0,0,0,0.8003409245055206,0.8071809507846668,0.6457610588672864,0.8071809507846668,0.49118119322905207,0.8071809507846668,1.0,0.0,-0.30915973127646856,0.0
197,10,17,previous_slide,0,0,0,0,0,0,1,0,1,0,0.7693130585639123,0.8251097317774232,0.5966593079296192,0.8251097317774232,0.42400555729532596,0.8251097317774232,1.0,0.0,-0.34530750126858634,0.0
198,10,18,previous_slide,0,0,0,1,0,0,1,0,0,0,0.7801370118883394,0.8094711723334633,0.6359273428973232,0.8094711723334633,0.491717673906307,0.8094711723334633,1.0,0.0,-0.2884193379820324,0.0
199,10,19,previous_slide,0,0,0,0,0,0,1,0,0,0,0.7549678606138476,0.7814619772738634,0.5883571427612819,0.7814619772738634,0.4217464249087163,0.7814619772738634,1.0,0.0,-0.3332214357051313,0.0
200,10,20,previous_slide,0,0,0,0,0,0,1,0,0,0,0.8298061948556926,0.8170464907303159,0.6478507438171888,0.8170464907303159,0.4658952927786849,0.8170464907303159,1.0,0.0,-0.3639109020770077,0.0
201,11,1,zoom_in,1,0,0,0,0,1,1,0,0,0,0.47278544264680444,0.8678278799771503,0.5777660479113106,0.8678278799771503,0.6827466531758168,0.8678278799771503,1.0,0.0,0.2099612105290124,0.0
202,11,2,zoom_in,0,0,0,0,0,1,1,0,0,0,0.5118146675640818,0.9409764785567492,0.6250692354629286,0.9409764785567492,0.7383238033617754,0.9409764785567492,1.0,0.0,0.2265091357976936,0.0
203,11,3,zoom_in,0,0,0,0,0,1,1,0,0,0,0.4857635691053573,0.8871619756763656,0.6038106876947766,0.8871619756763656,0.721857806284196,0.8871619756763656,1.0,0.0,0.23609423717883876,0.0
204,11,4,zoom_in,0,0,0,0,0,1,1,0,0,0,0.487212608959366,0.8847232299934865,0.6235439462294311,0.8847232299934865,0.7598752834994962,0.8847232299934865,1.0,0.0,0.27266267454013016,0.0
205,11,5,zoom_in,0,0,0,0,0,1,1,0,0,0,0.5289012710785138,0.9277455617791714,0.6762156188910947,0.9277455617791714,0.8235299667036756,0.9277455617791714,1.0,0.0,0.2946286956251618,0.0
206,11,6,zoom_in,0,0,0,0,0,1,1,0,0,0,0.5102982895230167,0.9178171162980209,0.6464887337865344,0.9178171162980209,0.782679178050052,0.9178171162980209,1.0,0.0,0.27238088852703535,0.0
207,11,7,zoom_in,0,0,0,0,0,1,1,0,0,0,0.5181912083779467,0.9177320109652884,0.639556883042185,0.9177320109652884,0.7609225577064234,0.9177320109652884,1.0,0.0,0.24273134932847662,0.0
208,11,8,zoom_in,0,0,0,0,0,1,1,0,0,0,0.5059360287045154,0.911840416268105,0.6288121015764836,0.911840416268105,0.7516881744484518,0.911840416268105,1.0,0.0,0.24575214574393645,0.0
209,11,9,zoom_in,0,0,0,0,0,1,1,0,0,0,0.4948703245852823,0.8939007489310804,0.6375777059418948,0.8939007489310804,0.7802850872985072,0.8939007489310804,1.0,0.0,0.2854147627132249,0.0
210,11,10,zoom_in,0,0,0,0,0,1,1,0,0,0,0.5268342354230876,0.9396044949257769,0.6481746453412303,0.9396044949257769,0.7695150552593728,0.9396044949257769,1.0,0.0,0.2426808198362852,0.0
211,11,11,zoom_in,0,0,0,0,0,1,1,0,0,0,0.49830217137418864,0.932037090527116,0.6096340034768123,0.932037090527116,0.720965835579436,0.932037090527116,1.0,0.0,0.2226636642052474,0.0
212,11,12,zoom_in,0,0,0,0,0,1,1,0,0,0,0.49725384857502675,0.8831551606988232,0.6110425748716338,0.8831551606988232,0.7248313011682408,0.8831551606988232,1.0,0.0,0.22757745259321405,0.0
213,11,13,zoom_in,0,0,0,0,0,1,1,0,0,0,0.4944056216055595,0.8789715457713736,0.5993478012021013,0.8789715457713736,0.7042899807986431,0.8789715457713736,1.0,0.0,0.20988435919308362,0.0
214,11,14,zoom_in,0,0,0,0,0,1,1,0,0,0,0.491603311759935,0.9409758114409557,0.6269509182676437,0.9409758114409557,0.7622985247753524,0.9409758114409557,1.0,0.0,0.27069521301541744,0.0
215,11,15,zoom_in,0,0,0,0,0,1,1,0,0,0,0.49342681181890047,0.9100003343040846,0.6442612627702794,0.9100003343040846,0.7950957137216583,0.9100003343040846,1.0,0.0,0.30166890190275786,0.0
216,11,16,zoom_in,0,0,0,0,0,1,1,0,0,0,0.48913962334116023,0.8833760441602971,0.6081777038073201,0.8833760441602971,0.7272157842734799,0.8833760441602971,1.0,0.0,0.23807616093231965,0.0
217,11,17,zoom_in,0,0,0,0,0,1,1,0,0,0,0.4782759379040209,0.8800182773295999,0.5984434517629442,0.8800182773295999,0.7186109656218675,0.8800182773295999,1.0,0.0,0.24033502771784665,0.0
218,11,18,zoom_in,0,0,0,0,1,1,1,0,0,0,0.5010231962357359,0.8692904378807013,0.6067065108867784,0.8692904378807013,0.712389825537821,0.8692904378807013,1.0,0.0,0.21136662930208516,0.0
219,11,19,zoom_in,0,0,0,0,0,1,1,0,0,0,0.5131119307550697,0.9262090628859893,0.6636064309631102,0.9262090628859893,0.8141009311711509,0.9262090628859893,1.0,0.0,0.30098900041608123,0.0
220,11,20,zoom_in,0,0,0,0,0,1,1,0,0,0,0.49397616717510034,0.8881236815486798,0.6276952912018008,0.8881236815486798,0.7614144152285012,0.8881236815486798,1.0,0.0,0.26743824805340083,0.0
221,12,1,zoom_in,0,0,0,0,0,1,1,0,0,0,0.5263313092754722,0.893828084608891,0.6278800976384806,0.893828084608891,0.729428886001489,0.893828084608891,1.0,0.0,0.2030975767260168,0.0
222,12,2,zoom_in,0,0,0,0,0,1,1,0,0,0,0.527502669662143,0.895867387834519,0.6575903246160619,0.895867387834519,0.7876779795699809,0.895867387834519,1.0,0.0,0.2601753099078379,0.0
223,12,3,zoom_in,0,0,0,0,0,1,1,0,0,0,0.5267376934331167,0.8811186594152717,0.6323778649895994,0.8811186594152717,0.7380180365460821,0.8811186594152717,1.0,0.0,0.2112803431129654,0.0
224,12,4,zoom_in,0,0,0,0,0,0,1,0,0,0,0.5500291517744035,0.8806656491824174,0.6697983345497754,0.8806656491824174,0.7895675173251473,0.8806656491824174,1.0,0.0,0.23953836555074381,0.0
225,12,5,zoom_in,0,0,0,0,0,1,1,0,0,0,0.484036709911224,0.9044894383686365,0.5994051990993268,0.9044894383686365,0.7147736882874295,0.9044894383686365,1.0,0.0,0.2307369783762055,0.0
226,12,6,zoom_in,0,0,0,0,0,1,1,0,0,0,0.5189213958675718,0.9281910360156732,0.6513636204769623,0.9281910360156732,0.7838058450863528,0.9281910360156732,1.0,0.0,0.26488444921878096,0.0
227,12,7,zoom_in,0,0,0,0,0,1,1,0,0,0,0.5291922904646907,0.9351360034731746,0.6312523518274896,0.9351360034731746,0.7333124131902886,0.9351360034731746,1.0,0.0,0.20412012272559787,0.0
228,12,8,zoom_in,0,0,0,0,0,1,1,0,0,0,0.5136774827402764,0.8888494010925307,0.6493668999796887,0.8888494010925307,0.7850563172191011,0.8888494010925307,1.0,0.0,0.2713788344788247,0.0
229,12,9,zoom_in,0,0,0,0,0,0,1,0,0,0,0.5147483728756134,0.9324569451107932,0.6477950387685828,0.9324569451107932,0.7808417046615522,0.9324569451107932,1.0,0.0,0.26609333178593886,0.0
230,12,10,zoom_in,0,0,0,0,0,1,1,0,0,0,0.5145548284752712,0.9420084437183925,0.6298307914357595,0.9420084437183925,0.7451067543962479,0.9420084437183925,1.0,0.0,0.23055192592097662,0.0
231,12,11,zoom_in,0,0,0,0,0,1,1,0,0,0,0.5563474335100959,0.9020412664440334,0.6724713146401095,0.9020412664440334,0.7885951957701229,0.9020412664440334,1.0,0.0,0.23224776226002708,0.0
232,12,12,zoom_in,0,0,0,0,0,1,1,0,0,0,0.5285831024289309,0.9674843130244539,0.6537441992306101,0.9674843130244539,0.7789052960322893,0.9674843130244539,1.0,0.0,0.2503221936033584,0.0
233,12,13,zoom_in,0,0,0,0,0,1,1,0,0,0,0.507128322377045,0.9232871968426203,0.6494751121325699,0.9232871968426203,0.791821901888095,0.9232871968426203,1.0,0.0,0.28469357951105,0.0
234,12,14,zoom_in,0,0,0,0,0,1,1,0,0,0,0.51147860931805,0.9220792666349454,0.6267575450500013,0.9220792666349454,0.7420364807819526,0.9220792666349454,1.0,0.0,0.2305578714639026,0.0
235,12,15,zoom_in,0,0,0,0,0,1,1,0,0,0,0.5268451312663104,0.904186943874409,0.6317302470300329,0.904186943874409,0.7366153627937553,0.904186943874409,1.0,0.0,0.2097702315274449,0.0
236,12,16,zoom_in,0,0,0,0,0,1,1,0,0,0,0.5297729309247972,0.8651679007829949,0.6730661685583643,0.8651679007829949,0.8163594061919315,0.8651679007829949,1.0,0.0,0.2865864752671343,0.0
237,12,17,zoom_in,0,0,0,0,0,1,1,0,0,0,0.5016332245794682,0.875061256725915,0.6351601792654827,0.875061256725915,0.7686871339514971,0.875061256725915,1.0,0.0,0.2670539093720289,0.0
238,12,18,zoom_in,0,0,0,0,0,1,1,0,0,0,0.5229532330423633,0.8900371161456575,0.6297400973585201,0.8900371161456575,0.736526961674677,0.8900371161456575,1.0,0.0,0.21357372863231372,0.0
239,12,19,zoom_in,0,0,0,0,0,1,1,0,0,0,0.4944301096486561,0.895768364461652,0.6141321655053656,0.895768364461652,0.7338342213620752,0.895768364461652,1.0,0.0,0.23940411171341913,0.0
240,12,20,zoom_in,0,0,0,0,0,1,1,0,0,0,0.5203418675692875,0.909484525130048,0.640677960781512,0.909484525130048,0.7610140539937365,0.909484525130048,1.0,0.0,0.240672186424449,0.0
241,13,1,zoom_in,0,0,0,0,0,1,1,0,0,0,0.5587103379728617,0.9169750214521134,0.6548071340916052,0.9169750214521134,0.7509039302103486,0.9169750214521134,1.0,0.0,0.1921935922374869,0.0
242,13,2,zoom_in,0,0,0,0,0,1,1,0,0,0,0.49973153314772534,0.9089410757609834,0.6162387576365859,0.9089410757609834,0.7327459821254464,0.9089410757609834,1.0,0.0,0.23301444897772106,0.0
243,13,3,zoom_in,0,0,0,0,0,1,1,0,0,0,0.5256436178548384,0.926373432676522,0.6246427848635789,0.926373432676522,0.7236419518723194,0.926373432676522,1.0,0.0,0.19799833401748101,0.0
244,13,4,zoom_in,0,0,0,0,0,1,1,0,0,0,0.554798182610801,0.9120814641032762,0.6801391203337954,0.9120814641032762,0.8054800580567898,0.9120814641032762,1.0,0.0,0.25068187544598874,0.0
245,13,5,zoom_in,0,0,0,0,0,1,1,0,0,0,0.5433889011703421,0.8948889688183812,0.6535945730834152,0.8948889688183812,0.7638002449964882,0.8948889688183812,1.0,0.0,0.22041134382614613,0.0
246,13,6,zoom_in,1,0,0,0,0,1,1,0,0,0,0.5358624540744582,0.9226529604185403,0.6369926141814473,0.9226529604185403,0.7381227742884363,0.9226529604185403,1.0,0.0,0.2022603202139781,0.0
247,13,7,zoom_in,0,0,0,0,0,1,1,0,0,0,0.5213672414940385,0.9668077736273851,0.6540858813941766,0.9668077736273851,0.7868045212943147,0.9668077736273851,1.0,0.0,0.2654372798002762,0.0
248,13,8,zoom_in,0,0,0,0,0,1,1,0,0,0,0.5082710615005283,0.9270002018368001,0.6387147199721794,0.9270002018368001,0.7691583784438307,0.9270002018368001,1.0,0.0,0.26088731694330247,0.0
249,13,9,zoom_in,0,0,0,0,0,1,1,0,0,0,0.5187762734436628,0.9335424762172134,0.63104432878862,0.9335424762172134,0.7433123841335773,0.9335424762172134,1.0,0.0,0.22453611068991441,0.0
250,13,10,zoom_in,0,0,0,0,0,1,1,0,0,0,0.5213680363948477,0.9453499131178316,0.6520342327079918,0.9453499131178316,0.7827004290211358,0.9453499131178316,1.0,0.0,0.26133239262628805,0.0
251,13,11,zoom_in,0,0,0,0,0,1,1,0,0,0,0.5625374255311987,0.936190078359418,0.6655736344240532,0.936190078359418,0.7686098433169076,0.936190078359418,1.0,0.0,0.20607241778570895,0.0
252,13,12,zoom_in,0,0,0,0,0,1,1,0,0,1,0.49619542184045173,0.9192436792443344,0.6309256967701558,0.9192436792443344,0.7656559716998599,0.9192436792443344,1.0,0.0,0.26946054985940815,0.0
253,13,13,zoom_in,0,0,0,0,0,1,1,0,0,0,0.5361959076224807,0.9141728258329689,0.6515710897883489,0.9141728258329689,0.7669462719542172,0.9141728258329689,1.0,0.0,0.23075036433173646,0.0
254,13,14,zoom_in,0,0,0,0,0,1,1,0,0,0,0.5714548880040139,0.9222074142884961,0.6876964852830967,0.9222074142884961,0.8039380825621795,0.9222074142884961,1.0,0.0,0.23248319455816557,0.0
255,13,15,zoom_in,0,0,0,0,0,1,1,0,0,0,0.5291660038014482,0.9271160759760403,0.6265773723172084,0.9271160759760403,0.7239887408329687,0.9271160759760403,1.0,0.0,0.19482273703152053,0.0
256,13,16,zoom_in,0,0,0,0,0,1,1,0,0,0,0.5427778717193961,0.9489079609278471,0.6781124361666894,0.9489079609278471,0.8134470006139827,0.9489079609278471,1.0,0.0,0.2706691288945866,0.0
257,13,17,zoom_in,0,0,0,0,0,1,1,0,0,0,0.5400037920381162,0.9373927479376156,0.6411753665815769,0.9373927479376156,0.7423469411250375,0.9373927479376156,1.0,0.0,0.2023431490869213,0.0
258,13,18,zoom_in,0,0,0,0,0,1,1,0,0,0,0.5320538555516204,0.9444075995145753,0.6291577045640874,0.9444075995145753,0.7262615535765543,0.9444075995145753,1.0,0.0,0.19420769802493387,0.0
259,13,19,zoom_in,0,0,0,0,0,1,1,0,0,0,0.5380435850558338,0.9433296894082627,0.6575645692677455,0.9433296894082627,0.7770855534796572,0.9433296894082627,1.0,0.0,0.23904196842382341,0.0
260,13,20,zoom_in,0,0,0,0,0,1,1,0,0,0,0.5578175155651193,0.9313889933560457,0.6738445575413057,0.9313889933560457,0.7898715995174921,0.9313889933560457,1.0,0.0,0.2320540839523728,0.0
261,14,1,zoom_in,0,0,0,0,0,1,1,0,0,0,0.572873891625978,0.9317695739629677,0.6842241636780003,0.9317695739629677,0.7955744357300226,0.9317695739629677,1.0,0.0,0.2227005441040446,0.0
262,14,2,zoom_in,0,0,0,0,0,1,1,0,0,0,0.53834185462212,0.9284368169152974,0.6750579407985238,0.9284368169152974,0.8117740269749276,0.9284368169152974,1.0,0.0,0.2734321723528076,0.0
263,14,3,zoom_in,0,0,0,0,0,1,1,0,0,0,0.5354197622291894,0.9143051897591505,0.6476959371449323,0.9143051897591505,0.7599721120606754,0.9143051897591505,1.0,0.0,0.22455234983148598,0.0
264,14,4,zoom_in,0,0,0,0,0,1,1,0,0,0,0.5412286411397109,0.9234931166561479,0.6614528648187934,0.9234931166561479,0.7816770884978759,0.9234931166561479,1.0,0.0,0.24044844735816495,0.0
265,14,5,zoom_in,0,0,0,0,0,1,1,0,0,0,0.5449988440241292,0.9414853156328948,0.6509216528402493,0.9414853156328948,0.7568444616563692,0.9414853156328948,1.0,0.0,0.21184561763223997,0.0
266,14,6,zoom_in,0,0,0,0,0,1,1,0,0,0,0.5197046510035804,0.9512426159471499,0.6411925772322591,0.9512426159471499,0.7626805034609377,0.9512426159471499,1.0,0.0,0.2429758524573573,0.0
267,14,7,zoom_in,0,1,0,0,0,1,1,0,0,0,0.5121995618040683,0.9380252858267614,0.6469376694083961,0.9380252858267614,0.7816757770127241,0.9380252858267614,1.0,0.0,0.2694762152086557,0.0
268,14,8,zoom_in,0,0,0,0,0,1,1,0,0,0,0.5099220985108718,0.9337386659483714,0.6322386588041002,0.9337386659483714,0.7545552190973288,0.9337386659483714,1.0,0.0,0.24463312058645703,0.0
269,14,9,zoom_in,0,0,0,0,0,1,1,0,0,0,0.5480241326901312,0.9417886613143271,0.6599061792569643,0.9417886613143271,0.7717882258237975,0.9417886613143271,1.0,0.0,0.2237640931336663,0.0
270,14,10,zoom_in,0,0,0,0,0,1,1,0,0,0,0.5471572067559298,0.9230966364496903,0.6686471616724425,0.9230966364496903,0.7901371165889552,0.9230966364496903,1.0,0.0,0.24297990983302542,0.0
271,14,11,zoom_in,0,0,0,0,0,1,1,0,0,0,0.5579475158444004,0.9587345218525838,0.6660251303270457,0.9587345218525838,0.7741027448096909,0.9587345218525838,1.0,0.0,0.2161552289652905,0.0
272,14,12,zoom_in,0,0,0,0,0,1,1,0,0,0,0.566832561086124,0.9269543480064956,0.683838488621186,0.9269543480064956,0.800844416156248,0.9269543480064956,1.0,0.0,0.234011855070124,0.0
273,14,13,zoom_in,0,0,0,0,0,1,1,0,0,0,0.5558728610916908,0.9315725906250885,0.6886481826075556,0.9315725906250885,0.8214235041234204,0.9315725906250885,1.0,0.0,0.2655506430317296,0.0
274,14,14,zoom_in,0,0,0,0,0,1,1,0,0,0,0.5570114662935295,0.9279633787185806,0.6639941596897476,0.9279633787185806,0.7709768530859659,0.9279633787185806,1.0,0.0,0.21396538679243637,0.0
275,14,15,zoom_in,0,0,0,0,0,1,1,0,0,0,0.5322469423392887,0.9418272391937741,0.6293389026723544,0.9418272391937741,0.7264308630054199,0.9418272391937741,1.0,0.0,0.19418392066613122,0.0
276,14,16,zoom_in,0,0,0,0,0,1,1,0,0,0,0.5473406031933726,0.942550616483143,0.6686260353581658,0.942550616483143,0.7899114675229589,0.942550616483143,1.0,0.0,0.2425708643295863,0.0
277,14,17,zoom_in,0,0,0,0,0,1,0,0,0,0,0.555661366928602,0.9367258837082671,0.661921715029741,0.9367258837082671,0.7681820631308798,0.9367258837082671,1.0,0.0,0.21252069620227776,0.0
278,14,18,zoom_in,0,0,0,0,0,1,1,0,0,0,0.5693824994797307,0.9191341367639609,0.700036040025674,0.9191341367639609,0.8306895805716171,0.9191341367639609,1.0,0.0,0.2613070810918864,0.0
279,14,19,zoom_in,0,0,0,0,0,1,1,0,0,0,0.5196355294642798,0.9087281284255327,0.6168898931328192,0.9087281284255327,0.7141442568013585,0.9087281284255327,1.0,0.0,0.1945087273370787,0.0
280,14,20,zoom_in,0,0,0,0,0,1,1,0,0,0,0.5350593935450811,0.9224123922862874,0.6393546121517092,0.9224123922862874,0.7436498307583372,0.9224123922862874,1.0,0.0,0.2085904372132561,0.0
281,15,1,zoom_in,0,0,0,0,0,1,1,0,0,0,0.5586639973878624,0.9163299343209269,0.7101699356875368,0.9163299343209269,0.8616758739872113,0.9163299343209269,1.0,0.0,0.3030118765993489,0.0
282,15,2,zoom_in,0,0,0,0,0,1,1,0,0,0,0.568683501476163,0.9157328601476248,0.7233949159568123,0.9157328601476248,0.8781063304374617,0.9157328601476248,1.0,0.0,0.3094228289612987,0.0
283,15,3,zoom_in,0,0,0,0,0,1,1,0,0,0,0.5625088025107937,0.9077924507247968,0.696595676829458,0.9077924507247968,0.8306825511481222,0.9077924507247968,1.0,0.0,0.26817374863732846,0.0
284,15,4,zoom_in,0,0,0,0,0,1,0,0,0,0,0.5629321020443777,0.9289268048148663,0.6859298347058578,0.9289268048148663,0.8089275673673377,0.9289268048148663,1.0,0.0,0.24599546532296002,0.0
285,15,5,zoom_in,0,0,0,0,0,1,1,0,0,0,0.5317766547654362,0.9161350355293527,0.6858524004746878,0.9161350355293527,0.8399281461839392,0.9161350355293527,1.0,0.0,0.30815149141850295,0.0
286,15,6,zoom_in,0,0,0,0,0,1,1,0,0,0,0.5298482717889197,0.9356385320398106,0.6744976458891494,0.9356385320398106,0.8191470199893792,0.9356385320398106,1.0,0.0,0.28929874820045953,0.0
287,15,7,zoom_in,0,0,0,0,0,1,1,0,0,0,0.5448794034481707,0.9290812421588934,0.6755968711832083,0.9290812421588934,0.8063143389182461,0.9290812421588934,1.0,0.0,0.26143493547007546,0.0
288,15,8,zoom_in,0,0,0,0,0,1,1,0,0,0,0.5214144620265403,0.9563285783972159,0.6607851804711735,0.9563285783972159,0.8001558989158069,0.9563285783972159,1.0,0.0,0.27874143688926656,0.0
289,15,9,zoom_in,0,0,0,0,0,1,1,0,0,0,0.5571842134972669,0.9292552453351773,0.693453375240532,0.9292552453351773,0.829722536983797,0.9292552453351773,1.0,0.0,0.2725383234865302,0.0
290,15,10,zoom_in,0,0,0,0,0,1,1,0,0,0,0.5458870730497073,0.9559692906965623,0.6942812434611376,0.9559692906965623,0.8426754138725678,0.9559692906965623,1.0,0.0,0.29678834082286054,0.0
291,15,11,zoom_in,0,0,0,0,0,1,1,0,0,0,0.5716054665805326,0.9140009446631527,0.6773925457278347,0.9140009446631527,0.7831796248751367,0.9140009446631527,1.0,0.0,0.21157415829460413,0.0
292,15,12,zoom_in,0,0,0,0,0,1,1,0,0,0,0.5275215240911433,0.9359887614743636,0.6771339068091093,0.9359887614743636,0.8267462895270755,0.9359887614743636,1.0,0.0,0.29922476543593224,0.0
293,15,13,zoom_in,0,0,0,0,0,1,1,0,0,0,0.5474136515405306,0.9229505730933351,0.6589022593225274,0.9229505730933351,0.7703908671045242,0.9229505730933351,1.0,0.0,0.22297721556399364,0.0
294,15,14,zoom_in,0,0,0,0,0,1,1,0,0,0,0.5443749220659014,0.8950324018729827,0.6599151294799018,0.8950324018729827,0.7754553368939022,0.8950324018729827,1.0,0.0,0.2310804148280008,0.0
295,15,15,zoom_in,0,0,0,0,0,1,1,0,0,0,0.5534964960591303,0.9532685510222412,0.6915418812899571,0.9532685510222412,0.8295872665207837,0.9532685510222412,1.0,0.0,0.2760907704616534,0.0
296,15,16,zoom_in,0,0,0,0,0,1,1,0,0,0,0.5372290734355296,0.955594290200322,0.6462903291384274,0.955594290200322,0.7553515848413253,0.955594290200322,1.0,0.0,0.21812251140579564,0.0
297,15,17,zoom_in,0,0,0,0,0,1,1,0,0,0,0.5459358222020201,0.9355401761019363,0.6655884756084985,0.9355401761019363,0.785241129014977,0.9355401761019363,1.0,0.0,0.23930530681295692,0.0
298,15,18,zoom_in,0,0,0,0,0,1,1,0,0,0,0.551168689649192,0.9187216238108799,0.6624539253201548,0.9187216238108799,0.7737391609911175,0.9187216238108799,1.0,0.0,0.22257047134192554,0.0
299,15,19,zoom_in,0,0,1,0,0,1,1,0,0,0,0.518088271086506,0.9399531847330378,0.6457961669699473,0.9399531847330378,0.7735040628533887,0.9399531847330378,1.0,0.0,0.25541579176688267,0.0
300,15,20,zoom_in,0,0,0,0,0,1,1,0,0,0,0.5370389971438243,0.9270583996018763,0.678588353790605,0.9270583996018763,0.8201377104373856,0.9270583996018763,1.0,0.0,0.2830987132935613,0.0
301,16,1,zoom_out,0,0,0,0,0,1,1,0,0,0,0.797809143245926,0.8938919404839093,0.6646093045453065,0.8938919404839093,0.5314094658446872,0.8938919404839093,1.0,0.0,-0.2663996774012388,0.0
302,16,2,zoom_out,0,0,0,0,0,1,1,0,0,0,0.841729825922341,0.9395318953801277,0.6873251125576799,0.9395318953801277,0.5329203991930189,0.9395318953801277,1.0,0.0,-0.3088094267293221,0.0
303,16,3,zoom_out,0,0,0,0,0,1,1,0,0,0,0.8018804458429217,0.9049751856450036,0.6837142231468027,0.9049751856450036,0.5655480004506837,0.9049751856450036,1.0,0.0,-0.23633244539223808,0.0
304,16,4,zoom_out,0,0,0,0,0,1,1,0,0,0,0.8265051969952573,0.9324575391615444,0.7078089218757327,0.9324575391615444,0.5891126467562083,0.9324575391615444,1.0,0.0,-0.23739255023904893,0.0
305,16,5,zoom_out,0,0,0,0,0,1,1,1,0,0,0.8319661121045155,0.8900113865977183,0.7188211533010407,0.8900113865977183,0.6056761944975657,0.8900113865977183,1.0,0.0,-0.22628991760694983,0.0
306,16,6,zoom_out,0,0,0,0,0,1,1,0,0,0,0.8249875936721698,0.8947876628207201,0.6720581223497895,0.8947876628207201,0.5191286510274091,0.8947876628207201,1.0,0.0,-0.30585894264476066,0.0
307,16,7,zoom_out,0,0,0,0,0,1,1,0,0,0,0.8212419077381526,0.9043808269996685,0.6656390633168927,0.9043808269996685,0.5100362188956327,0.9043808269996685,1.0,0.0,-0.31120568884252,0.0
308,16,8,zoom_out,0,0,0,0,0,1,1,0,0,0,0.8229565026222995,0.9049060073828636,0.6652771921383929,0.9049060073828636,0.5075978816544862,0.9049060073828636,1.0,0.0,-0.3153586209678133,0.0
309,16,9,zoom_out,0,0,0,0,0,1,1,0,0,0,0.8070412756288675,0.9045224610972834,0.6516549005603476,0.9045224610972834,0.4962685254918276,0.9045224610972834,1.0,0.0,-0.3107727501370399,0.0
310,16,10,zoom_out,0,0,0,0,0,1,1,0,0,0,0.8525595745360129,0.9064851740784861,0.7016598667716383,0.9064851740784861,0.5507601590072635,0.9064851740784861,1.0,0.0,-0.30179941552874945,0.0
311,16,11,zoom_out,0,0,0,0,0,1,0,0,0,0,0.8261595153494644,0.910528486314842,0.6881362277073406,0.910528486314842,0.5501129400652167,0.910528486314842,1.0,0.0,-0.2760465752842477,0.0
312,16,12,zoom_out,0,0,0,0,0,1,1,0,0,0,0.8250013477008862,0.9441598296474076,0.6944891145532927,0.9441598296474076,0.5639768814056991,0.9441598296474076,1.0,0.0,-0.26102446629518705,0.0
313,16,13,zoom_out,0,0,0,0,0,1,1,0,0,0,0.7848945077796835,0.8989205129652882,0.6332400663088276,0.8989205129652882,0.48158562483797174,0.8989205129652882,1.0,0.0,-0.30330888294171177,0.0
314,16,14,zoom_out,0,0,0,0,0,1,1,0,0,0,0.8387275111637372,0.91924567354696,0.7187764467544986,0.91924567354696,0.59882538234526,0.91924567354696,1.0,0.0,-0.23990212881847728,0.0
315,16,15,zoom_out,0,0,0,0,0,1,1,0,0,0,0.8453062965332923,0.930387837649465,0.7131073515287868,0.930387837649465,0.5809084065242813,0.930387837649465,1.0,0.0,-0.2643978900090109,0.0
316,16,16,zoom_out,0,0,0,0,0,1,1,0,0,0,0.8441785741181939,0.915236834855053,0.697922915680188,0.915236834855053,0.5516672572421824,0.915236834855053,1.0,0.0,-0.2925113168760115,0.0
317,16,17,zoom_out,0,0,0,0,0,1,1,0,0,0,0.8388817594484571,0.911996192037984,0.6804151977161711,0.911996192037984,0.5219486359838851,0.911996192037984,1.0,0.0,-0.31693312346457203,0.0
318,16,18,zoom_out,0,0,0,0,0,1,1,0,0,0,0.8543844941122485,0.8607664870156087,0.7335510413026396,0.8607664870156087,0.6127175884930308,0.8607664870156087,1.0,0.0,-0.24166690561921766,0.0
319,16,19,zoom_out,0,0,0,0,0,1,1,0,0,0,0.8011840141409696,0.9025187166350342,0.6750161597110453,0.9025187166350342,0.548848305281121,0.9025187166350342,1.0,0.0,-0.2523357088598486,0.0
320,16,20,zoom_out,0,0,0,0,0,1,1,0,0,0,0.794778909712996,0.8900807689401938,0.6541799867428759,0.8900807689401938,0.5135810637727559,0.8900807689401938,1.0,0.0,-0.2811978459402401,0.0
321,17,1,zoom_out,0,0,0,0,0,1,1,0,0,0,0.8149620026627711,0.9072055723974203,0.6886488446235726,0.9072055723974203,0.562335686584374,0.9072055723974203,1.0,0.0,-0.25262631607839703,0.0
322,17,2,zoom_out,0,0,0,0,0,1,1,0,0,0,0.8247315253098035,0.882851899290543,0.7119880182810732,0.882851899290543,0.5992445112523429,0.882851899290543,1.0,0.0,-0.22548701405746063,0.0
323,17,3,zoom_out,0,0,0,0,0,1,1,0,0,0,0.8074250371747285,0.871328383241021,0.6494749568181386,0.871328383241021,0.49152487646154874,0.871328383241021,1.0,0.0,-0.3159001607131797,0.0
324,17,4,zoom_out,0,0,0,0,0,1,1,0,0,0,0.8149450855483676,0.911115440832072,0.6572267882185466,0.911115440832072,0.4995084908887256,0.911115440832072,1.0,0.0,-0.315436594659642,0.0
325,17,5,zoom_out,0,0,0,0,0,1,1,0,0,0,0.8382733885191134,0.9190063486423111,0.6780843250845706,0.9190063486423111,0.5178952616500279,0.9190063486423111,1.0,0.0,-0.3203781268690855,0.0
326,17,6,zoom_out,0,0,0,0,0,1,1,0,0,0,0.8226402469498312,0.9375320029263436,0.6815377538646111,0.9375320029263436,0.5404352607793911,0.9375320029263436,1.0,0.0,-0.2822049861704401,0.0
327,17,7,zoom_out,0,0,0,1,0,1,1,0,0,0,0.7830778130906423,0.8803254709994369,0.6622574068517109,0.8803254709994369,0.5414370006127794,0.8803254709994369,1.0,0.0,-0.24164081247786284,0.0
328,17,8,zoom_out,0,0,0,0,0,1,1,0,0,0,0.7864721896903395,0.8724053105567464,0.6542664493788888,0.8724053105567464,0.5220607090674382,0.8724053105567464,1.0,0.0,-0.2644114806229013,0.0
329,17,9,zoom_out,0,0,0,0,0,1,1,0,0,0,0.816042344896584,0.896808199090358,0.6599601340893932,0.896808199090358,0.5038779232822026,0.896808199090358,1.0,0.0,-0.3121644216143814,0.0
330,17,10,zoom_out,0,0,0,0,0,1,1,1,0,0,0.7941535614726021,0.8846093919343258,0.6819998779957572,0.8846093919343258,0.5698461945189125,0.8846093919343258,1.0,0.0,-0.22430736695368958,0.0
331,17,11,zoom_out,0,0,0,0,0,1,1,0,0,0,0.8532704682526135,0.904806354646291,0.7108193753890075,0.904806354646291,0.5683682825254016,0.904806354646291,1.0,0.0,-0.28490218572721193,0.0
332,17,12,zoom_out,0,0,0,0,0,1,1,0,0,0,0.7978562613447138,0.895136999678859,0.6379878073562056,0.895136999678859,0.47811935336769745,0.895136999678859,1.0,0.0,-0.3197369079770163,0.0
333,17,13,zoom_out,0,0,0,0,0,1,1,0,0,0,0.7546036440087083,0.8712959476856226,0.6391727738451686,0.8712959476856226,0.5237419036816289,0.8712959476856226,1.0,0.0,-0.2308617403270794,0.0
334,17,14,zoom_out,0,0,0,0,0,1,1,0,0,0,0.7626421351480601,0.8749489537366179,0.6069909944703065,0.8749489537366179,0.4513398537925527,0.8749489537366179,1.0,0.0,-0.3113022813555074,0.0
335,17,15,zoom_out,0,0,0,0,0,1,1,0,0,0,0.8067490873530052,0.9246674084690034,0.6689049421417288,0.9246674084690034,0.5310607969304525,0.9246674084690034,1.0,0.0,-0.2756882904225527,0.0
336,17,16,zoom_out,0,0,0,0,0,1,1,0,0,0,0.8232889872213954,0.8808381933164885,0.6922547887566188,0.8808381933164885,0.5612205902918423,0.8808381933164885,1.0,0.0,-0.2620683969295531,0.0
337,17,17,zoom_out,0,0,0,0,0,1,1,0,0,0,0.8222120953885792,0.887323187377906,0.6815958305082254,0.887323187377906,0.5409795656278715,0.887323187377906,1.0,0.0,-0.2812325297607077,0.0
338,17,18,zoom_out,0,0,0,0,0,1,1,0,0,0,0.8189615658785889,0.8878650807999783,0.6564210118843322,0.8878650807999783,0.49388045789007545,0.8878650807999783,1.0,0.0,-0.3250811079885135,0.0
339,17,19,zoom_out,0,0,0,0,0,1,1,0,0,0,0.7839552440691269,0.9005862440610092,0.653125129701349,0.9005862440610092,0.5222950153335711,0.9005862440610092,1.0,0.0,-0.2616602287355557,0.0
340,17,20,zoom_out,0,0,0,0,0,1,1,0,0,0,0.791787294097934,0.8993878400491019,0.6651283875794369,0.8993878400491019,0.5384694810609398,0.8993878400491019,1.0,0.0,-0.2533178130369942,0.0
341,18,1,zoom_out,0,0,0,0,0,1,1,0,0,0,0.8278913655476202,0.9170802629423608,0.6934881096303318,0.9170802629423608,0.5590848537130435,0.9170802629423608,1.0,0.0,-0.2688065118345767,0.0
342,18,2,zoom_out,0,0,1,0,0,1,1,0,0,0,0.8145847956811502,0.8722365793594163,0.6878850409662002,0.8722365793594163,0.5611852862512501,0.8722365793594163,1.0,0.0,-0.2533995094299001,0.0
343,18,3,zoom_out,0,0,0,0,0,1,1,0,0,0,0.8240352749080722,0.8859736445627076,0.7096781555138262,0.8859736445627076,0.5953210361195802,0.8859736445627076,1.0,0.0,-0.22871423878849195,0.0
344,18,4,zoom_out,0,0,0,0,0,1,1,0,0,0,0.7989007312567064,0.9067311364490656,0.6684676983193681,0.9067311364490656,0.5380346653820299,0.9067311364490656,1.0,0.0,-0.2608660658746764,0.0
345,18,5,zoom_out,0,0,0,1,0,1,1,0,0,0,0.8244609410256495,0.8778012566529769,0.674021916029213,0.8778012566529769,0.5235828910327764,0.8778012566529769,1.0,0.0,-0.30087804999287304,0.0
346,18,6,zoom_out,0,0,0,0,0,1,1,0,0,0,0.806235403244786,0.87002326750266,0.6464079103106798,0.87002326750266,0.4865804173765735,0.87002326750266,1.0,0.0,-0.31965498586821256,0.0
347,18,7,zoom_out,0,0,0,0,0,1,1,0,0,0,0.821550360942332,0.8986155036976872,0.7094897187502328,0.8986155036976872,0.5974290765581336,0.8986155036976872,1.0,0.0,-0.22412128438419843,0.0
348,18,8,zoom_out,0,0,0,0,0,1,1,0,0,0,0.8375322768554908,0.8792455160025932,0.67790156981439,0.8792455160025932,0.5182708627732893,0.8792455160025932,1.0,0.0,-0.31926141408220154,0.0
349,18,9,zoom_out,0,0,0,0,0,1,1,0,0,0,0.7960733670456005,0.8872115161218669,0.6847789123424664,0.8872115161218669,0.5734844576393321,0.8872115161218669,1.0,0.0,-0.2225889094062684,0.0
350,18,10,zoom_out,0,0,0,0,0,1,1,0,0,0,0.8409467870134858,0.894018372806435,0.7303079958519999,0.894018372806435,0.6196692046905139,0.894018372806435,1.0,0.0,-0.2212775823229719,0.0
351,18,11,zoom_out,0,0,0,0,0,1,1,0,0,0,0.8324177522678923,0.8433321016036676,0.6961255284571175,0.8433321016036676,0.5598333046463428,0.8433321016036676,1.0,0.0,-0.27258444762154943,0.0
352,18,12,zoom_out,0,0,0,0,0,1,1,0,0,0,0.8244621539351602,0.8879537787619232,0.6723246653263645,0.8879537787619232,0.5201871767175688,0.8879537787619232,1.0,0.0,-0.30427497721759145,0.0
353,18,13,zoom_out,0,0,0,0,0,1,1,0,0,0,0.7820174587643938,0.8862797355825685,0.6524599200149215,0.8862797355825685,0.5229023812654492,0.8862797355825685,1.0,0.0,-0.2591150774989446,0.0
354,18,14,zoom_out,0,0,0,0,0,1,1,0,0,0,0.825029373226682,0.890138540702432,0.7070717848292346,0.890138540702432,0.5891141964317872,0.890138540702432,1.0,0.0,-0.23591517679489482,0.0
355,18,15,zoom_out,0,0,0,0,0,1,1,0,0,0,0.8006539237933769,0.8441604520155754,0.6621740492414754,0.8441604520155754,0.523694174689574,0.8441604520155754,1.0,0.0,-0.27695974910380283,0.0
356,18,16,zoom_out,0,0,0,0,0,1,1,0,0,0,0.8254550430004018,0.8552320232561635,0.6695509052060129,0.8552320232561635,0.5136467674116239,0.8552320232561635,1.0,0.0,-0.311808275588778,0.0
357,18,17,zoom_out,0,0,0,0,0,1,1,0,0,0,0.7853960881860963,0.8674373859034006,0.6282632705700852,0.8674373859034006,0.47113045295407413,0.8674373859034006,1.0,0.0,-0.31426563523202217,0.0
358,18,18,zoom_out,0,0,0,0,0,1,1,0,0,0,0.7668573377309953,0.899029818566717,0.6313651471150374,0.899029818566717,0.4958729564990797,0.899029818566717,1.0,0.0,-0.2709843812319156,0.0
359,18,19,zoom_out,0,0,0,0,0,1,1,0,0,0,0.8035233290700265,0.837130239599885,0.6611822958468117,0.837130239599885,0.5188412626235968,0.837130239599885,1.0,0.0,-0.2846820664464298,0.0
360,18,20,zoom_out,0,0,0,0,0,1,1,0,0,0,0.8332034195128187,0.8311845241850043,0.701213192701201,0.8311845241850043,0.5692229658895832,0.8311845241850043,1.0,0.0,-0.2639804536232355,0.0
361,19,1,zoom_out,0,0,0,0,0,1,1,0,0,0,0.8061444985154761,0.8771899065437494,0.6727477083798904,0.8771899065437494,0.5393509182443046,0.8771899065437494,1.0,0.0,-0.2667935802711715,0.0
362,19,2,zoom_out,0,0,0,0,0,1,1,0,0,0,0.8259387798709605,0.9143062699204922,0.6811494278928123,0.9143062699204922,0.5363600759146641,0.9143062699204922,1.0,0.0,-0.2895787039562965,0.0
363,19,3,zoom_out,0,0,0,0,0,1,1,0,0,0,0.8041132685258672,0.9232881715101362,0.6508356545297804,0.9232881715101362,0.4975580405336937,0.9232881715101362,1.0,0.0,-0.3065552279921735,0.0
364,19,4,zoom_out,0,0,0,0,0,1,1,0,0,0,0.7850941341361061,0.9259784655321768,0.6278374933688242,0.9259784655321768,0.4705808526015423,0.9259784655321768,1.0,0.0,-0.31451328153456376,0.0
365,19,5,zoom_out,0,0,0,0,0,1,1,0,0,0,0.8148288860549954,0.9456374896030126,0.6787747287088902,0.9456374896030126,0.5427205713627851,0.9456374896030126,1.0,0.0,-0.2721083146922103,0.0
366,19,6,zoom_out,0,0,0,0,0,1,1,0,0,0,0.8197472146211239,0.9626625039949129,0.6475011102704706,0.9626625039949129,0.4752550059198174,0.9626625039949129,1.0,0.0,-0.3444922087013065,0.0
367,19,7,zoom_out,0,0,0,0,0,1,1,0,0,0,0.7906317991400904,0.917003521415489,0.6575093832135239,0.917003521415489,0.5243869672869574,0.917003521415489,1.0,0.0,-0.26624483185313297,0.0
368,19,8,zoom_out,0,0,0,0,0,1,1,0,0,0,0.7960551465735362,0.8877996530594494,0.6025925455649345,0.8877996530594494,0.4091299445563328,0.8877996530594494,1.0,0.0,-0.3869252020172034,0.0
369,19,9,zoom_out,0,0,0,0,0,1,1,0,0,0,0.8131263238202208,0.8938018858225049,0.6626195859583488,0.8938018858225049,0.512112848096477,0.8938018858225049,1.0,0.0,-0.3010134757237438,0.0
370,19,10,zoom_out,0,0,0,0,0,1,1,0,0,0,0.8044065513812336,0.9033899645241897,0.6124369717512651,0.9033899645241897,0.4204673921212965,0.9033899645241897,1.0,0.0,-0.3839391592599371,0.0
371,19,11,zoom_out,0,0,0,0,0,1,1,0,0,0,0.7807518090478265,0.9155001375288898,0.5953972537138873,0.9155001375288898,0.4100426983799481,0.9155001375288898,1.0,0.0,-0.37070911066787837,0.0
372,19,12,zoom_out,0,0,0,0,0,1,1,0,0,0,0.8159130076564065,0.9009233513748771,0.6252596297435733,0.9009233513748771,0.4346062518307402,0.9009233513748771,1.0,0.0,-0.3813067558256663,0.0
373,19,13,zoom_out,0,0,0,0,0,1,1,0,0,0,0.7983826549455582,0.9033683398895908,0.6385090745637133,0.9033683398895908,0.47863549418186846,0.9033683398895908,1.0,0.0,-0.3197471607636897,0.0
374,19,14,zoom_out,0,0,0,0,0,1,1,0,0,0,0.8249156832339517,0.8737834113863667,0.6738276947277713,0.8737834113863667,0.5227397062215908,0.8737834113863667,1.0,0.0,-0.3021759770123609,0.0
375,19,15,zoom_out,0,0,0,0,0,1,1,0,0,0,0.7989957239096092,0.9159865491644538,0.6051626587588079,0.9159865491644538,0.4113295936080066,0.9159865491644538,1.0,0.0,-0.3876661303016026,0.0
376,19,16,zoom_out,0,0,0,1,0,1,1,0,0,0,0.833162075749449,0.9333602926539838,0.6561028300019074,0.9333602926539838,0.4790435842543659,0.9333602926539838,1.0,0.0,-0.3541184914950831,0.0
377,19,17,zoom_out,0,1,0,0,0,1,1,0,0,0,0.7762943588965895,0.9250300148718674,0.5904528631426709,0.9250300148718674,0.4046113673887522,0.9250300148718674,1.0,0.0,-0.3716829915078373,0.0
378,19,18,zoom_out,0,0,0,0,0,1,1,0,0,0,0.774484029469809,0.90796164577513,0.5916742982140542,0.90796164577513,0.40886456695829937,0.90796164577513,1.0,0.0,-0.3656194625115096,0.0
379,19,19,zoom_out,0,0,0,0,0,1,1,0,0,0,0.8177109598889234,0.9119928207895235,0.6281576149395307,0.9119928207895235,0.43860426999013813,0.9119928207895235,1.0,0.0,-0.37910668989878527,0.0
380,19,20,zoom_out,0,0,0,0,0,1,1,0,0,0,0.8360616822575222,0.93296827164876,0.6737084537769467,0.93296827164876,0.5113552252963711,0.93296827164876,1.0,0.0,-0.3247064569611511,0.0
381,20,1,zoom_out,0,0,0,0,0,1,1,0,0,0,0.7804440773919993,0.8586069106096577,0.6573337871671122,0.8586069106096577,0.5342234969422253,0.8586069106096577,1.0,0.0,-0.24622058044977402,0.0
382,20,2,zoom_out,0,0,0,0,0,1,1,0,0,0,0.7624534516820728,0.8827219088876452,0.648868466085249,0.8827219088876452,0.5352834804884251,0.8827219088876452,1.0,0.0,-0.22716997119364768,0.0
383,20,3,zoom_out,0,0,0,0,0,1,1,0,0,0,0.7573201191370896,0.900696711421182,0.5969915732980169,0.900696711421182,0.4366630274589441,0.900696711421182,1.0,0.0,-0.32065709167814554,0.0
384,20,4,zoom_out,0,0,0,0,0,1,1,0,0,0,0.7819681100200622,0.8866274053989025,0.6607566487129161,0.8866274053989025,0.53954518740577,0.8866274053989025,1.0,0.0,-0.2424229226142922,0.0
385,20,5,zoom_out,0,0,0,0,1,1,1,0,0,0,0.7605561723135006,0.9313979360168049,0.6028871710618169,0.9313979360168049,0.4452181698101331,0.9313979360168049,1.0,0.0,-0.31533800250336746,0.0
386,20,6,zoom_out,0,0,0,0,0,1,1,0,0,0,0.794151893663261,0.9141614482030334,0.6790667801179443,0.9141614482030334,0.5639816665726276,0.9141614482030334,1.0,0.0,-0.2301702270906334,0.0
387,20,7,zoom_out,0,0,0,0,0,1,1,0,0,0,0.8135186194031208,0.9067131048475202,0.6513599643616658,0.9067131048475202,0.4892013093202108,0.9067131048475202,1.0,0.0,-0.32431731008291,0.0
388,20,8,zoom_out,0,0,0,0,0,1,1,0,0,0,0.7694935909325189,0.8824587760242404,0.6296418845911557,0.8824587760242404,0.4897901782497925,0.8824587760242404,1.0,0.0,-0.2797034126827264,0.0
389,20,9,zoom_out,0,0,0,0,0,1,1,0,0,0,0.7767437591183917,0.9148270246892918,0.6306871495399562,0.9148270246892918,0.4846305399615207,0.9148270246892918,1.0,0.0,-0.29211321915687094,0.0
390,20,10,zoom_out,0,0,0,0,0,1,1,0,0,0,0.7507042747292555,0.9032918404363135,0.628018681382539,0.9032918404363135,0.5053330880358227,0.9032918404363135,1.0,0.0,-0.24537118669343283,0.0
391,20,11,zoom_out,0,0,0,0,0,1,1,0,0,0,0.7820263377609571,0.9017132773191135,0.6203644462608328,0.9017132773191135,0.4587025547607084,0.9017132773191135,1.0,0.0,-0.32332378300024867,0.0
392,20,12,zoom_out,0,0,0,0,0,1,1,0,0,0,0.7503533638493898,0.8694394305757983,0.6128593675093101,0.8694394305757983,0.47536537116923044,0.8694394305757983,1.0,0.0,-0.27498799268015933,0.0
393,20,13,zoom_out,0,0,0,0,0,1,0,0,0,0,0.7736721194229204,0.8851343235240821,0.639535046951146,0.8851343235240821,0.5053979744793716,0.8851343235240821,1.0,0.0,-0.26827414494354873,0.0
394,20,14,zoom_out,0,0,0,0,0,1,1,0,0,0,0.7098207707051,0.8618569497947305,0.5734113092023847,0.8618569497947305,0.43700184769966954,0.8618569497947305,1.0,0.0,-0.2728189230054304,0.0
395,20,15,zoom_out,0,0,0,0,0,1,1,0,0,0,0.7556406271907388,0.8940151327417507,0.6128999319294997,0.8940151327417507,0.4701592366682605,0.8940151327417507,1.0,0.0,-0.2854813905224783,0.0
396,20,16,zoom_out,0,0,0,0,0,1,1,0,0,0,0.797707256839186,0.8839227459875204,0.6848101143622016,0.8839227459875204,0.5719129718852172,0.8839227459875204,1.0,0.0,-0.2257942849539688,0.0
397,20,17,zoom_out,0,0,0,0,0,1,1,0,0,0,0.815448743029635,0.917132101200402,0.6559841107348549,0.917132101200402,0.49651947844007466,0.917132101200402,1.0,0.0,-0.31892926458956034,0.0
398,20,18,zoom_out,0,0,0,0,0,1,1,0,0,0,0.7570687434945942,0.8802923989582233,0.6017075936374477,0.8802923989582233,0.44634644378030125,0.8802923989582233,1.0,0.0,-0.31072229971429294,0.0
399,20,19,zoom_out,0,0,0,0,0,1,1,0,0,0,0.766828664506984,0.8788984162885445,0.6331593812008547,0.8788984162885445,0.4994900978947253,0.8788984162885445,1.0,0.0,-0.26733856661225863,0.0
400,20,20,zoom_out,0,0,0,0,0,1,1,0,0,0,0.7666489493564446,0.9327950810493603,0.6218103870443381,0.9327950810493603,0.4769718247322317,0.9327950810493603,1.0,0.0,-0.28967712462421286,0.0
